"id","state_code","total_2011","total_2012","total_2013","population_2011","population_2012","population_2013","rate_2011","rate_2012","rate_2013","h2011","h2012","h2013","rh2011","rh2012","rh2013"
1001,1,2717,2838,2154,823056,835348,850000,3.3,3.4,2.5,58,33,19,0.07,0.04,0.022
1002,1,27,12,25,46970,47634,48000,0.57,0.25,0.52,1,2,5,0.021,0.042,0.1
1003,1,17,25,34,55510,56096,57000,0.31,0.45,0.6,2,0,0,0.036,0,0
1004,1,24,5,9,15462,15659,16000,1.6,0.32,0.57,0,1,0,0,0.064,0
1005,1,122,89,109,104196,106428,110000,1.2,0.84,1,4,3,7,0.038,0.028,0.065
1006,1,33,26,42,42877,43340,44000,0.77,0.6,0.96,5,1,1,0.12,0.023,0.023
1007,1,43,28,23,50411,50990,52000,0.85,0.55,0.45,0,1,2,0,0.02,0.039
1008,1,1,1,2,8710,8830,9000,0.11,0.11,0.22,0,0,0,0,0,0
1009,1,7,9,6,20348,20658,21000,0.34,0.44,0.29,1,1,0,0.049,0.048,0
1010,1,12,4,12,19373,19618,20000,0.62,0.2,0.6,0,0,1,0,0,0.05
1011,1,41,26,34,37596,38492,39000,1.1,0.68,0.86,0,2,4,0,0.052,0.1
2001,2,2231,2303,1987,490568,499254,510000,4.5,4.6,3.9,47,54,48,0.096,0.11,0.095
2002,2,13446,11790,10942,977608,991453,1e+06,14,12,11,139,155,150,0.14,0.16,0.15
2003,2,810,758,752,105662,107247,110000,7.7,7.1,6.9,29,19,34,0.27,0.18,0.31
2004,2,17530,14218,13313,1631186,1657312,1700000,11,8.6,7.9,418,332,492,0.26,0.2,0.29
2005,2,750,681,787,96985,99585,1e+05,7.7,6.8,7.7,40,30,50,0.41,0.3,0.49
3001,3,82,66,98,74040,75446,77000,1.1,0.87,1.3,0,3,2,0,0.04,0.026
3002,3,42,57,54,62004,63286,65000,0.68,0.9,0.83,0,5,9,0,0.079,0.14
3003,3,1000,824,1236,265906,272481,280000,3.8,3,4.4,0,13,22,0,0.048,0.079
3008,3,660,813,806,263678,276361,290000,2.5,2.9,2.8,0,10,20,0,0.036,0.069
3009,3,22,24,20,18417,19228,20000,1.2,1.2,1,0,3,1,0,0.16,0.051
4001,4,4,3,3,54980,55736,57000,0.073,0.054,0.053,2,1,1,0.036,0.018,0.018
4002,4,88,68,144,271000,275550,280000,0.32,0.25,0.51,10,11,11,0.037,0.04,0.039
4003,4,189,106,202,232037,236340,240000,0.81,0.45,0.84,26,21,25,0.11,0.089,0.1
4004,4,18,15,20,86616,87946,89000,0.21,0.17,0.22,8,9,6,0.092,0.1,0.067
4005,4,2,2,6,29335,29675,30000,0.068,0.067,0.2,1,1,1,0.034,0.034,0.033
4006,4,0,4,4,39228,39744,40000,0,0.1,0.099,0,3,0,0,0.075,0
4007,4,2,0,1,8532,8572,8600,0.23,0,0.12,0,0,0,0,0,0
4008,4,2,2,7,10132,10268,10000,0.2,0.19,0.67,0,1,1,0,0.097,0.096
4009,4,5,17,26,56430,57267,58000,0.089,0.3,0.45,5,8,10,0.089,0.14,0.17
4010,4,4,4,4,28076,28546,29000,0.14,0.14,0.14,3,2,2,0.11,0.07,0.069
4011,4,7,16,28,43009,43691,44000,0.16,0.37,0.63,4,11,10,0.093,0.25,0.23
5001,5,0,0,2,1101,0,1100,0,0,1.8,0,0,2,0,0,1.8
5002,5,94,124,196,140348,141886,140000,0.67,0.87,1.4,8,17,13,0.057,0.12,0.091
5003,5,17,23,22,23508,23848,24000,0.72,0.96,0.91,2,7,8,0.085,0.29,0.33
5004,5,41,32,29,23413,23765,24000,1.8,1.3,1.2,2,1,7,0.085,0.042,0.29
5005,5,0,0,0,1842,0,1900,0,0,0,0,0,0,0,0,0
5006,5,17,61,31,26650,26934,27000,0.64,2.3,1.1,3,10,4,0.11,0.37,0.15
5007,5,4,8,7,13314,13412,14000,0.3,0.6,0.52,1,3,0,0.075,0.22,0
5008,5,0,0,1,2959,0,3000,0,0,0.33,0,0,1,0,0,0.33
5009,5,61,65,70,57179,57768,58000,1.1,1.1,1.2,9,11,15,0.16,0.19,0.26
5010,5,53,48,130,77164,77910,79000,0.69,0.62,1.7,9,2,13,0.12,0.026,0.17
5011,5,6,3,8,11857,11898,12000,0.51,0.25,0.67,3,0,1,0.25,0,0.084
5012,5,0,0,3,2144,0,2200,0,0,1.4,0,0,3,0,0,1.4
5013,5,0,0,0,1930,0,2000,0,0,0,0,0,0,0,0,0
5014,5,0,0,3,10067,0,10000,0,0,0.3,0,0,3,0,0,0.3
5015,5,0,0,0,1666,0,1700,0,0,0,0,0,0,0,0,0
5016,5,0,0,1,1876,0,1900,0,0,0.53,0,0,1,0,0,0.53
5017,5,141,201,290,109754,110774,110000,1.3,1.8,2.6,18,34,55,0.16,0.31,0.49
5018,5,254,713,715,222427,224844,230000,1.1,3.2,3.1,20,25,45,0.09,0.11,0.2
5019,5,0,20,1,8487,8540,8700,0,2.3,0.11,0,4,0,0,0.47,0
5020,5,21,29,82,68420,68988,70000,0.31,0.42,1.2,4,6,8,0.058,0.087,0.11
5021,5,0,0,0,6504,0,6600,0,0,0,0,0,0,0,0,0
5022,5,0,0,10,28558,0,29000,0,0,0.34,0,0,4,0,0,0.14
5023,5,1,3,0,11258,11352,11000,0.089,0.26,0,0,1,0,0,0.088,0
5024,5,24,13,38,46090,46287,47000,0.52,0.28,0.82,1,4,3,0.022,0.086,0.064
5025,5,211,217,234,156176,157490,160000,1.4,1.4,1.5,12,33,32,0.077,0.21,0.2
5026,5,0,0,4,3528,0,3600,0,0,1.1,0,0,3,0,0,0.84
5027,5,130,166,161,80714,83164,85000,1.6,2,1.9,9,7,18,0.11,0.084,0.21
5028,5,65,75,87,63348,64388,65000,1,1.2,1.3,6,10,14,0.095,0.16,0.21
5029,5,0,0,1,2388,0,2500,0,0,0.41,0,0,0,0,0,0
5030,5,1820,2144,1962,750918,761894,770000,2.4,2.8,2.5,87,101,76,0.12,0.13,0.098
5031,5,15,16,24,23006,23356,24000,0.65,0.69,1,2,5,2,0.087,0.21,0.084
5032,5,24,24,63,42455,42704,43000,0.57,0.56,1.5,4,2,3,0.094,0.047,0.07
5033,5,79,115,187,105544,106637,110000,0.75,1.1,1.7,8,20,62,0.076,0.19,0.58
5034,5,0,1,3,6686,6860,7000,0,0.15,0.43,0,1,1,0,0.15,0.14
5035,5,4592,4836,3798,661627,670738,680000,6.9,7.2,5.6,455,462,238,0.69,0.69,0.35
5036,5,0,0,41,21852,0,22000,0,0,1.8,0,0,7,0,0,0.31
5037,5,0,0,0,6369,0,6400,0,0,0,0,0,0,0,0,0
5038,5,3,16,11,12901,12952,13000,0.23,1.2,0.84,0,3,3,0,0.23,0.23
6001,6,85,80,59,29877,30402,31000,2.8,2.6,1.9,24,34,23,0.8,1.1,0.74
6002,6,1086,1417,942,152416,154910,160000,7.1,9.1,6,49,58,39,0.32,0.37,0.25
6003,6,15,23,15,21434,21659,22000,0.7,1.1,0.68,5,4,0,0.23,0.18,0
6004,6,23,32,24,20083,20408,21000,1.1,1.6,1.2,2,7,4,0.1,0.34,0.19
6005,6,37,45,29,27728,27980,28000,1.3,1.6,1,1,2,6,0.036,0.071,0.21
6006,6,10,7,3,5496,5576,5700,1.8,1.3,0.53,3,4,2,0.55,0.72,0.35
6007,6,686,1046,812,169162,172806,180000,4.1,6.1,4.6,22,44,54,0.13,0.25,0.31
6008,6,0,4,2,8428,8536,8600,0,0.47,0.23,0,2,1,0,0.23,0.12
6009,6,436,373,430,117536,119669,120000,3.7,3.1,3.5,37,92,45,0.31,0.77,0.37
6010,6,375,571,491,126670,129899,130000,3,4.4,3.7,22,40,4,0.17,0.31,0.03
7001,7,13,26,21,17636,17898,18000,0.74,1.5,1.2,1,1,2,0.057,0.056,0.11
7002,7,10,8,9,30316,30669,31000,0.33,0.26,0.29,0,1,2,0,0.033,0.064
7003,7,26,18,48,28960,29457,30000,0.9,0.61,1.6,8,2,3,0.28,0.068,0.1
7004,7,14,14,19,31524,32220,33000,0.44,0.43,0.58,2,2,0,0.065,0.063,0
7005,7,9,3,6,22002,22198,22000,0.41,0.14,0.27,4,2,3,0.18,0.09,0.13
7006,7,3,0,4,31093,0,32000,0.096,0,0.12,0,0,2,0,0,0.062
7007,7,5,1,0,8912,8914,0,0.56,0.11,0,3,1,0,0.34,0.11,0
7008,7,5,12,15,26986,26785,27000,0.19,0.45,0.56,0,2,2,0,0.075,0.075
7009,7,88,58,105,41232,41477,42000,2.1,1.4,2.5,10,7,10,0.24,0.17,0.24
7011,7,0,6,3,0,20206,20000,0,0.3,0.15,0,2,3,0,0.099,0.15
7012,7,34,33,55,46430,47585,49000,0.73,0.69,1.1,4,1,2,0.086,0.021,0.041
7013,7,20,25,12,32101,32576,33000,0.62,0.77,0.36,6,8,2,0.19,0.25,0.061
7014,7,2,3,1,19501,20157,21000,0.1,0.15,0.048,1,1,1,0.051,0.05,0.048
7015,7,24,19,23,45374,45788,46000,0.53,0.41,0.5,2,3,3,0.044,0.066,0.065
7016,7,15,29,11,17832,18018,18000,0.84,1.6,0.6,1,7,0,0.057,0.39,0
7017,7,65,55,94,80906,81616,82000,0.8,0.67,1.1,25,10,12,0.31,0.12,0.15
7018,7,5,1,2,8769,8820,9000,0.57,0.11,0.22,0,1,1,0,0.11,0.11
7019,7,212,178,226,149236,152150,150000,1.4,1.2,1.5,35,8,7,0.23,0.053,0.045
7020,7,8,4,16,45842,46692,47000,0.17,0.086,0.34,5,2,8,0.11,0.043,0.17
7021,7,12,1,2,21677,21796,22000,0.55,0.046,0.091,3,0,0,0.14,0,0
7022,7,3,6,2,14319,14361,14000,0.21,0.42,0.14,2,2,1,0.14,0.14,0.069
7023,7,23,13,11,80207,81165,82000,0.29,0.16,0.13,11,4,5,0.14,0.049,0.061
7024,7,1,0,7,11148,0,11000,0.09,0,0.61,1,0,1,0.09,0,0.088
7025,7,2,3,2,7519,7561,7600,0.27,0.4,0.26,1,2,1,0.13,0.26,0.13
7026,7,10,7,7,37500,37916,38000,0.27,0.18,0.18,6,2,1,0.16,0.053,0.026
7027,7,117,101,125,93060,95027,97000,1.3,1.1,1.3,11,14,23,0.12,0.15,0.24
7028,7,1,1,0,5621,5704,5800,0.18,0.18,0,NA,NA,NA,NA,NA,NA
7029,7,1,0,7,5115,0,5100,0.2,0,1.4,0,0,3,0,0,0.58
7030,7,6,7,19,32894,33375,34000,0.18,0.21,0.56,0,3,2,0,0.091,0.059
7031,7,50,44,47,116404,117986,120000,0.43,0.37,0.39,17,14,10,0.15,0.12,0.084
7032,7,37,63,72,31244,31571,32000,1.2,2,2.3,6,6,5,0.19,0.19,0.16
7033,7,4,3,0,7200,7303,0,0.56,0.41,0,4,1,0,0.56,0.14,0
7034,7,53,55,47,70912,72276,74000,0.75,0.76,0.64,3,4,9,0.042,0.055,0.12
7035,7,14,7,6,13355,13498,14000,1,0.52,0.43,4,2,2,0.3,0.15,0.14
7037,7,26,19,11,34928,35382,36000,0.74,0.54,0.31,4,1,2,0.11,0.028,0.056
7038,7,6,7,5,22378,22633,23000,0.27,0.31,0.22,2,2,0,0.089,0.089,0
7039,7,7,6,6,23437,23747,24000,0.3,0.25,0.25,5,5,3,0.21,0.21,0.12
7040,7,123,69,97,53255,53768,54000,2.3,1.3,1.8,13,6,7,0.24,0.11,0.13
7041,7,2,2,6,43094,43756,45000,0.046,0.046,0.13,0,0,1,0,0,0.022
7042,7,7,3,0,10792,10962,11000,0.65,0.27,0,4,3,0,0.37,0.27,0
7043,7,6,2,4,10478,10587,11000,0.57,0.19,0.37,2,0,1,0.19,0,0.094
7044,7,19,9,5,25669,25993,26000,0.74,0.35,0.19,5,0,0,0.2,0,0
7045,7,2,1,3,5708,5822,5900,0.35,0.17,0.51,NA,NA,NA,NA,NA,NA
7046,7,40,43,19,39069,39357,40000,1,1.1,0.48,6,3,4,0.15,0.076,0.1
7047,7,5,8,5,19697,20138,20000,0.25,0.4,0.24,0,4,1,0,0.2,0.049
7048,7,42,45,18,21794,21960,22000,1.9,2,0.81,3,3,4,0.14,0.14,0.18
7049,7,7,4,5,21194,21372,22000,0.33,0.19,0.23,5,1,2,0.24,0.047,0.092
7050,7,4,1,2,5058,5034,5000,0.79,0.2,0.4,1,0,0,0.2,0,0
7051,7,50,44,59,46308,47113,48000,1.1,0.93,1.2,7,3,6,0.15,0.064,0.13
7052,7,13,40,43,116550,118427,120000,0.11,0.34,0.36,6,7,4,0.052,0.059,0.033
7053,7,0,0,0,0,0,8300,0,0,0,NA,NA,NA,NA,NA,NA
7054,7,31,20,38,27739,28090,28000,1.1,0.71,1.3,3,2,10,0.11,0.071,0.35
7055,7,8,4,2,5221,5260,5300,1.5,0.76,0.38,1,2,0,0.19,0.38,0
7056,7,3,3,1,11688,11885,12000,0.26,0.25,0.083,3,1,1,0.26,0.085,0.083
7057,7,24,19,23,72908,74236,75000,0.33,0.26,0.3,2,3,3,0.028,0.041,0.04
7059,7,137,148,169,207975,211086,210000,0.66,0.7,0.79,15,17,11,0.072,0.081,0.051
7060,7,3,0,1,12218,0,12000,0.25,0,0.081,1,0,1,0.082,0,0.081
7061,7,48,34,39,86014,87205,89000,0.56,0.39,0.44,11,13,18,0.13,0.15,0.2
7062,7,23,26,26,17574,17680,18000,1.3,1.5,1.5,3,2,2,0.17,0.11,0.11
7063,7,0,3,1,0,3968,4000,0,0.76,0.25,0,1,1,0,0.25,0.25
7064,7,9,24,11,44164,44147,44000,0.2,0.54,0.25,2,6,2,0.045,0.14,0.045
7065,7,285,232,212,116416,118237,120000,2.4,2,1.8,29,20,18,0.25,0.17,0.15
7066,7,12,8,17,21064,21156,21000,0.57,0.38,0.8,9,4,11,0.43,0.19,0.52
7067,7,5,1,2,11225,11296,12000,0.45,0.089,0.17,1,0,1,0.089,0,0.087
7068,7,39,34,36,30670,30832,31000,1.3,1.1,1.2,7,2,6,0.23,0.065,0.19
7069,7,60,44,44,51994,52502,53000,1.2,0.84,0.83,8,6,6,0.15,0.11,0.11
7070,7,2,1,1,13462,13461,14000,0.15,0.074,0.074,1,1,0,0.074,0.074,0
7071,7,47,27,34,28800,29005,29000,1.6,0.93,1.2,5,4,3,0.17,0.14,0.1
7072,7,19,20,11,32274,32616,33000,0.59,0.61,0.33,11,13,7,0.34,0.4,0.21
7073,7,6,1,4,9365,9408,9600,0.64,0.11,0.42,0,0,1,0,0,0.1
7074,7,221,152,146,43075,43898,45000,5.1,3.5,3.3,10,8,3,0.23,0.18,0.067
7075,7,10,7,6,26172,26320,26000,0.38,0.27,0.23,2,3,0,0.077,0.11,0
7076,7,5,8,4,26017,26224,26000,0.19,0.31,0.15,2,6,2,0.077,0.23,0.076
7077,7,9,14,3,59206,59718,60000,0.15,0.23,0.05,3,5,1,0.051,0.084,0.017
7078,7,392,362,369,195354,198612,2e+05,2,1.8,1.8,19,16,12,0.097,0.081,0.059
7079,7,9,12,36,34510,34998,35000,0.26,0.34,1,5,7,6,0.14,0.2,0.17
7080,7,11,9,1,39212,39444,40000,0.28,0.23,0.025,3,4,1,0.077,0.1,0.025
7081,7,16,15,23,42640,43632,44000,0.38,0.34,0.52,5,6,3,0.12,0.14,0.067
7082,7,5,7,5,12856,13017,13000,0.39,0.54,0.38,2,4,3,0.16,0.31,0.23
7083,7,3,2,10,17878,18089,18000,0.17,0.11,0.54,0,1,3,0,0.055,0.16
7084,7,5,4,5,8270,8288,8300,0.6,0.48,0.6,1,2,2,0.12,0.24,0.24
7085,7,2,0,6,10118,0,10000,0.2,0,0.58,0,0,2,0,0,0.19
7086,7,21,19,7,22162,22503,23000,0.95,0.84,0.31,1,2,1,0.045,0.09,0.044
7087,7,95,46,38,36280,36604,37000,2.6,1.3,1,21,13,5,0.58,0.36,0.14
7088,7,3,2,2,2318,2326,2400,1.3,0.86,0.85,2,1,0,0.86,0.43,0
7089,7,1020,1011,982,337446,343209,350000,3,2.9,2.8,61,56,66,0.18,0.16,0.19
7090,7,4,4,3,4230,4251,4300,0.95,0.94,0.7,0,3,2,0,0.71,0.47
7091,7,8,14,8,12917,13300,14000,0.62,1.1,0.59,1,3,2,0.078,0.23,0.15
7092,7,20,18,12,42654,43132,44000,0.47,0.42,0.28,4,17,4,0.094,0.39,0.092
7093,7,29,22,12,41224,41427,42000,0.7,0.53,0.29,7,6,1,0.17,0.14,0.024
7094,7,16,10,6,39441,40118,41000,0.41,0.25,0.15,6,4,0,0.15,0.1,0
7096,7,9,28,15,74344,75413,76000,0.12,0.37,0.2,4,19,6,0.054,0.25,0.079
7097,7,233,211,177,87862,88720,90000,2.7,2.4,2,4,7,9,0.046,0.079,0.1
7098,7,0,1,0,0,6676,6800,0,0.15,0,NA,NA,NA,NA,NA,NA
7099,7,16,21,16,77530,79133,81000,0.21,0.27,0.2,0,1,3,0,0.013,0.037
7100,7,4,9,4,32842,33153,34000,0.12,0.27,0.12,1,6,0,0.031,0.18,0
7101,7,2030,2140,2460,582000,591495,6e+05,3.5,3.6,4.1,46,60,63,0.079,0.1,0.1
7102,7,45,22,30,39450,39982,40000,1.1,0.55,0.74,9,3,7,0.23,0.075,0.17
7103,7,5,11,6,29303,30113,31000,0.17,0.37,0.2,3,1,1,0.1,0.033,0.033
7104,7,5,4,0,14629,14812,15000,0.34,0.27,0,1,2,0,0.068,0.14,0
7105,7,5,6,3,14518,14630,15000,0.34,0.41,0.2,0,2,1,0,0.14,0.068
7106,7,6,22,24,63645,64267,65000,0.094,0.34,0.37,0,2,12,0,0.031,0.18
7107,7,24,16,57,77820,78824,80000,0.31,0.2,0.71,8,11,8,0.1,0.14,0.1
7108,7,49,59,95,102324,103304,1e+05,0.48,0.57,0.91,7,13,13,0.068,0.13,0.12
7109,7,32,29,21,35284,35649,36000,0.91,0.81,0.58,6,8,3,0.17,0.22,0.083
7110,7,0,1,1,0,7104,7200,0,0.14,0.14,0,0,1,0,0,0.14
7111,7,12,7,2,38215,38968,40000,0.31,0.18,0.051,0,3,1,0,0.078,0.025
7112,7,4,6,9,30116,30439,31000,0.13,0.2,0.29,1,1,1,0.033,0.033,0.032
7113,7,1,0,0,5129,0,0,0.19,0,0,NA,NA,NA,NA,NA,NA
7114,7,33,30,30,18088,18319,19000,1.8,1.6,1.6,17,13,25,0.94,0.71,1.3
7115,7,2,2,2,11724,11779,12000,0.17,0.17,0.17,2,2,0,0.17,0.17,0
7116,7,3,5,7,10268,10393,11000,0.29,0.48,0.66,2,2,4,0.2,0.19,0.38
7117,7,0,1,0,0,7162,0,0,0.14,0,NA,NA,NA,NA,NA,NA
7118,7,1,0,1,4919,0,5300,0.2,0,0.19,1,0,0,0.2,0,0
7119,7,7,3,2,3368,3419,3500,2.1,0.88,0.58,NA,NA,NA,NA,NA,NA
8001,8,13,15,17,11832,11831,12000,1.1,1.3,1.4,3,2,3,0.25,0.17,0.25
8002,8,60,53,60,23740,24132,24000,2.5,2.2,2.5,16,17,13,0.67,0.7,0.53
8003,8,11,13,13,8786,8840,8900,1.3,1.5,1.5,6,6,5,0.68,0.68,0.56
8004,8,15,10,8,12134,12868,13000,1.2,0.78,0.59,11,7,1,0.92,0.55,0.074
8005,8,48,39,22,25120,25370,26000,1.9,1.5,0.86,28,20,9,1.1,0.79,0.35
8006,8,2,3,0,6291,6343,0,0.32,0.47,0,1,1,0,0.16,0.16,0
8007,8,33,29,25,18541,18755,19000,1.8,1.5,1.3,23,20,19,1.2,1.1,1
8008,8,22,29,23,15019,15153,15000,1.5,1.9,1.5,19,27,21,1.3,1.8,1.4
8009,8,55,68,41,29668,29740,30000,1.9,2.3,1.4,24,35,24,0.81,1.2,0.8
8010,8,17,12,12,23593,23830,24000,0.72,0.5,0.5,5,7,3,0.21,0.29,0.13
8011,8,225,192,123,51023,51454,52000,4.4,3.7,2.4,47,57,43,0.92,1.1,0.83
8012,8,9,6,6,9144,9230,9300,0.98,0.65,0.65,4,5,3,0.44,0.54,0.32
8013,8,6,5,14,11406,11780,12000,0.53,0.42,1.2,1,1,5,0.089,0.085,0.42
8014,8,0,2,2,0,2459,2500,0,0.81,0.8,0,1,1,0,0.41,0.4
8015,8,0,2,1,0,1828,1800,0,1.1,0.54,0,2,0,0,1.1,0
8016,8,6,9,2,4226,4323,4400,1.4,2.1,0.46,5,5,2,1.2,1.2,0.46
8017,8,383,224,226,165416,168616,170000,2.3,1.3,1.3,61,41,32,0.37,0.24,0.19
8018,8,20,12,11,5752,5834,5900,3.5,2.1,1.9,18,8,4,3.1,1.4,0.68
8019,8,7709,6165,5145,869356,882346,890000,8.9,7,5.8,554,363,251,0.64,0.41,0.28
8020,8,9,8,13,8935,9090,9200,1,0.88,1.4,7,7,12,0.78,0.77,1.3
8021,8,533,457,447,146134,148191,150000,3.6,3.1,3,73,42,44,0.5,0.28,0.29
8022,8,4,2,3,3079,3128,3200,1.3,0.64,0.95,NA,NA,NA,NA,NA,NA
8023,8,5,2,0,6638,6757,0,0.75,0.3,0,1,0,0,0.15,0,0
8024,8,8,10,8,4130,4164,4200,1.9,2.4,1.9,3,2,2,0.73,0.48,0.48
8025,8,4,0,1,9111,0,9500,0.44,0,0.11,2,0,1,0.22,0,0.11
8026,8,9,3,12,3368,3386,3400,2.7,0.89,3.5,4,1,12,1.2,0.3,3.5
8027,8,99,114,69,52193,52814,53000,1.9,2.2,1.3,62,69,47,1.2,1.3,0.88
8028,8,18,5,8,6481,6203,6000,2.8,0.81,1.3,14,3,5,2.2,0.48,0.83
8029,8,125,185,142,55530,55880,56000,2.3,3.3,2.5,98,160,110,1.8,2.9,2
8030,8,16,13,15,9522,9660,9800,1.7,1.3,1.5,14,13,13,1.5,1.3,1.3
8031,8,81,61,21,41688,42130,42000,1.9,1.4,0.49,15,15,9,0.36,0.36,0.21
8032,8,305,231,277,112476,113584,110000,2.7,2,2.4,94,45,52,0.84,0.4,0.45
8033,8,2,1,2,1099,1107,1100,1.8,0.9,1.8,0,1,0,0,0.9,0
8034,8,3,9,1,7238,7302,7300,0.41,1.2,0.14,1,6,1,0.14,0.82,0.14
8035,8,27,16,17,12006,12355,13000,2.2,1.3,1.3,6,10,3,0.5,0.81,0.24
8036,8,133,70,119,43049,43328,44000,3.1,1.6,2.7,40,20,49,0.93,0.46,1.1
8037,8,16023,8545,5318,1386239,1395302,1400000,12,6.1,3.8,1460,647,453,1.1,0.46,0.32
8038,8,10,21,3,5249,5312,5300,1.9,4,0.56,1,4,3,0.19,0.76,0.56
8039,8,5,3,5,4200,4217,4200,1.2,0.71,1.2,4,2,3,0.95,0.47,0.71
8040,8,28,34,20,30437,30224,30000,0.92,1.1,0.66,13,15,10,0.43,0.5,0.33
8041,8,0,4,4,0,1948,1900,0,2.1,2.1,0,3,3,0,1.5,1.5
8043,8,3,4,2,3207,3212,3200,0.94,1.2,0.62,0,3,1,0,0.93,0.31
8044,8,12,23,5,4726,4763,4800,2.5,4.8,1,5,14,1,1.1,2.9,0.21
8045,8,186,267,104,46078,46562,47000,4,5.7,2.2,85,124,22,1.8,2.7,0.47
8046,8,23,20,19,8876,9046,9200,2.6,2.2,2.1,21,19,16,2.4,2.1,1.7
8047,8,9,9,8,5529,5561,5600,1.6,1.6,1.4,8,9,8,1.4,1.6,1.4
8048,8,11,10,9,24310,24599,25000,0.45,0.41,0.36,4,5,4,0.16,0.2,0.16
8049,8,2,0,0,2953,0,0,0.68,0,0,NA,NA,NA,NA,NA,NA
8050,8,139,86,62,62796,63696,65000,2.2,1.4,0.96,17,11,4,0.27,0.17,0.062
8051,8,24,11,23,8134,8307,8500,3,1.3,2.7,14,10,11,1.7,1.2,1.3
8052,8,46,39,35,28572,29304,30000,1.6,1.3,1.2,11,12,6,0.38,0.41,0.2
8053,8,21,4,5,4738,4439,4200,4.4,0.9,1.2,18,2,3,3.8,0.45,0.71
8054,8,15,6,5,8322,8366,8400,1.8,0.72,0.59,13,3,4,1.6,0.36,0.48
8055,8,52,32,31,17613,17778,18000,3,1.8,1.7,32,22,13,1.8,1.2,0.73
8056,8,2,0,2,2354,0,2400,0.85,0,0.83,1,0,1,0.42,0,0.42
8057,8,1,1,0,2383,2395,0,0.42,0.42,0,1,1,0,0.42,0.42,0
8058,8,5,6,1,3161,3210,3200,1.6,1.9,0.31,3,3,1,0.95,0.94,0.31
8059,8,4,11,21,4935,4950,5000,0.81,2.2,4.2,1,4,6,0.2,0.81,1.2
8060,8,12,6,11,10929,11025,11000,1.1,0.54,0.99,6,1,1,0.55,0.091,0.091
8061,8,9,14,13,3779,3770,3800,2.4,3.7,3.5,2,1,2,0.53,0.27,0.53
8062,8,52,28,18,34476,35065,36000,1.5,0.8,0.51,27,8,14,0.78,0.23,0.39
8063,8,14,7,9,6438,6450,6500,2.2,1.1,1.4,11,5,5,1.7,0.78,0.77
8064,8,1,2,0,1940,1958,0,0.52,1,0,0,2,0,0,1,0
8065,8,48,41,34,21184,21334,21000,2.3,1.9,1.6,42,33,32,2,1.5,1.5
8066,8,21,14,12,8542,8635,8700,2.5,1.6,1.4,19,10,10,2.2,1.2,1.2
8067,8,9,9,11,5485,5586,5700,1.6,1.6,1.9,6,5,7,1.1,0.9,1.2
9002,9,2745,2744,2157,417034,414231,410000,6.6,6.6,5.2,18,41,22,0.043,0.099,0.053
9003,9,4092,3467,3190,624598,621969,620000,6.6,5.6,5.2,28,19,28,0.045,0.031,0.045
9004,9,543,393,348,190081,190840,190000,2.9,2.1,1.8,12,14,12,0.063,0.073,0.063
9005,9,7705,7012,6889,1194168,1188169,1200000,6.5,5.9,5.8,118,132,135,0.099,0.11,0.11
9006,9,2743,2503,2153,386378,383611,380000,7.1,6.5,5.6,27,34,18,0.07,0.089,0.047
9007,9,10092,9846,8519,1830454,1821335,1800000,5.5,5.4,4.7,174,182,149,0.095,0.1,0.082
9008,9,692,572,543,242210,242332,240000,2.9,2.4,2.2,14,9,10,0.058,0.037,0.041
9009,9,144,171,173,134234,135225,140000,1.1,1.3,1.3,9,6,9,0.067,0.044,0.066
9010,9,3613,3239,3063,734825,734763,730000,4.9,4.4,4.2,61,50,56,0.083,0.068,0.076
9011,9,1326,1192,1142,365060,365302,370000,3.6,3.3,3.1,27,30,38,0.074,0.082,0.1
9012,9,3262,2558,2090,663032,665408,670000,4.9,3.8,3.1,47,49,44,0.071,0.074,0.066
9013,9,1551,1403,1175,419305,418799,420000,3.7,3.4,2.8,29,25,28,0.069,0.06,0.067
9014,9,3565,3056,2536,394675,396736,4e+05,9,7.7,6.4,30,20,18,0.076,0.05,0.045
9015,9,7072,6589,5460,537235,537010,540000,13,12,10,70,69,71,0.13,0.13,0.13
9016,9,3606,3070,2395,379368,380310,380000,9.5,8.1,6.3,44,30,38,0.12,0.079,0.1
9017,9,4197,3650,2984,433003,429313,430000,9.7,8.5,7,70,68,70,0.16,0.16,0.16
10001,10,43,15,10,32592,32876,33000,1.3,0.46,0.3,14,4,3,0.43,0.12,0.091
10002,10,0,1,0,0,4217,0,0,0.24,0,0,1,0,0,0.24,0
10004,10,106,30,32,34819,35090,35000,3,0.85,0.9,12,3,6,0.34,0.086,0.17
10005,10,3471,2593,2238,610384,619284,630000,5.7,4.2,3.6,204,156,82,0.33,0.25,0.13
10007,10,0,782,1952,0,344986,350000,0,2.3,5.6,0,112,145,0,0.32,0.42
10008,10,78,31,23,35320,35652,36000,2.2,0.87,0.64,1,3,4,0.028,0.084,0.11
10009,10,1,2,13,10366,10380,10000,0.096,0.19,1.2,0,2,10,0,0.19,0.96
10012,10,3342,1298,466,147074,148853,150000,23,8.7,3.1,253,141,60,1.7,0.95,0.4
10013,10,0,14,12,0,26398,27000,0,0.53,0.45,0,4,1,0,0.15,0.038
10014,10,42,37,29,34538,34828,35000,1.2,1.1,0.83,30,22,20,0.87,0.63,0.57
10015,10,8,6,4,12718,12749,13000,0.63,0.47,0.31,1,2,2,0.079,0.16,0.16
10016,10,39,15,27,19115,19264,19000,2,0.78,1.4,11,8,2,0.58,0.42,0.1
10018,10,34,61,25,11739,11858,12000,2.9,5.1,2.1,17,37,15,1.4,3.1,1.3
10019,10,6,6,0,5456,5540,0,1.1,1.1,0,2,4,0,0.37,0.72,0
10020,10,16,7,8,12210,12240,12000,1.3,0.57,0.65,2,3,0,0.16,0.25,0
10021,10,8,7,0,10828,10900,0,0.74,0.64,0,NA,NA,NA,NA,NA,NA
10022,10,41,25,16,25789,26020,26000,1.6,0.96,0.61,12,1,2,0.47,0.038,0.076
10023,10,67,58,48,50576,50898,51000,1.3,1.1,0.94,38,33,22,0.75,0.65,0.43
10024,10,18,9,4,13416,13582,14000,1.3,0.66,0.29,9,4,1,0.67,0.29,0.073
10026,10,23,10,40,20202,20288,20000,1.1,0.49,2,13,5,35,0.64,0.25,1.7
10027,10,0,0,1,0,0,6100,0,0,0.16,NA,NA,NA,NA,NA,NA
10028,10,25,17,21,12421,12571,13000,2,1.4,1.6,4,6,5,0.32,0.48,0.39
10032,10,187,82,64,46842,47374,48000,4,1.7,1.3,60,20,14,1.3,0.42,0.29
10033,10,1,4,1,6885,6878,6900,0.15,0.58,0.15,0,1,0,0,0.15,0
10034,10,39,25,27,26980,27014,27000,1.4,0.93,0.99,31,16,22,1.1,0.59,0.81
10035,10,27,24,12,10889,10800,11000,2.5,2.2,1.1,18,8,5,1.7,0.74,0.47
10036,10,2,8,11,22942,23534,24000,0.087,0.34,0.46,0,5,6,0,0.21,0.25
10037,10,7,10,2,8864,8960,9000,0.79,1.1,0.22,4,6,1,0.45,0.67,0.11
10038,10,168,66,28,21749,21874,22000,7.7,3,1.3,19,7,5,0.87,0.32,0.23
10039,10,43,25,22,27024,27236,27000,1.6,0.92,0.8,9,4,8,0.33,0.15,0.29
11001,11,31,62,82,86264,86784,87000,0.36,0.71,0.94,9,14,6,0.1,0.16,0.069
11002,11,109,133,125,111002,111422,110000,0.98,1.2,1.1,28,25,22,0.25,0.22,0.2
11003,11,137,215,253,165682,167601,170000,0.83,1.3,1.5,29,28,19,0.18,0.17,0.11
11004,11,53,65,110,66096,66646,67000,0.8,0.98,1.6,4,8,7,0.061,0.12,0.1
11005,11,62,79,166,88196,89254,90000,0.7,0.89,1.8,7,9,12,0.079,0.1,0.13
11006,11,0,1,0,5739,5770,5800,0,0.17,0,0,0,0,0,0,0
11007,11,1202,1667,1818,482644,487690,490000,2.5,3.4,3.7,90,99,65,0.19,0.2,0.13
11008,11,26,53,48,37937,38135,38000,0.69,1.4,1.3,7,11,4,0.18,0.29,0.1
11009,11,39,47,66,79792,80458,81000,0.49,0.58,0.81,7,5,8,0.088,0.062,0.099
11010,11,3,7,9,11876,11910,12000,0.25,0.59,0.75,1,2,1,0.084,0.17,0.084
11011,11,108,189,253,89959,90342,91000,1.2,2.1,2.8,12,19,8,0.13,0.21,0.088
11012,11,16,26,21,28148,28437,29000,0.57,0.91,0.73,2,4,4,0.071,0.14,0.14
11013,11,13,15,16,23836,23977,24000,0.55,0.63,0.66,2,1,2,0.084,0.042,0.083
11014,11,57,118,206,151561,152599,150000,0.38,0.77,1.3,12,26,16,0.079,0.17,0.1
11015,11,132,318,369,176943,178758,180000,0.75,1.8,2,7,22,10,0.04,0.12,0.055
11016,11,5,14,10,20552,20668,21000,0.24,0.68,0.48,1,6,0,0.049,0.29,0
11017,11,604,885,1116,546914,553136,560000,1.1,1.6,2,47,64,51,0.086,0.12,0.091
11018,11,15,12,18,37804,38223,39000,0.4,0.31,0.47,5,1,0,0.13,0.026,0
11019,11,23,23,21,52220,52632,53000,0.44,0.44,0.4,8,7,8,0.15,0.13,0.15
11020,11,1145,1618,2165,1477980,1492750,1500000,0.77,1.1,1.4,116,179,167,0.078,0.12,0.11
11021,11,72,72,61,50200,50390,51000,1.4,1.4,1.2,9,3,2,0.18,0.06,0.04
11022,11,6,11,6,23170,23308,23000,0.26,0.47,0.26,2,1,0,0.086,0.043,0
11023,11,83,120,272,153196,154091,160000,0.54,0.78,1.8,22,20,38,0.14,0.13,0.25
11024,11,2,8,13,11558,11688,12000,0.17,0.68,1.1,0,0,2,0,0,0.17
11025,11,24,68,82,72000,73290,74000,0.33,0.93,1.1,4,11,10,0.056,0.15,0.13
11026,11,31,57,35,58191,58681,59000,0.53,0.97,0.59,5,5,8,0.086,0.085,0.14
11027,11,362,505,706,268223,270716,270000,1.3,1.9,2.6,26,45,25,0.097,0.17,0.092
11028,11,87,118,126,98506,98706,99000,0.88,1.2,1.3,17,16,18,0.17,0.16,0.18
11029,11,11,11,10,37736,37908,38000,0.29,0.29,0.26,2,1,1,0.053,0.026,0.026
11030,11,21,56,57,109468,110202,110000,0.19,0.51,0.51,5,11,14,0.046,0.1,0.13
11031,11,83,140,144,116220,117010,120000,0.71,1.2,1.2,14,14,16,0.12,0.12,0.14
11032,11,51,41,74,75606,76882,78000,0.67,0.53,0.95,9,3,8,0.12,0.039,0.1
11033,11,106,145,137,119120,120334,120000,0.89,1.2,1.1,17,11,16,0.14,0.091,0.13
11034,11,4,2,7,5246,5284,5300,0.76,0.38,1.3,0,1,0,0,0.19,0
11035,11,56,76,92,81516,82270,83000,0.69,0.92,1.1,4,12,16,0.049,0.15,0.19
11036,11,3,8,5,6770,6785,6800,0.44,1.2,0.74,1,3,0,0.15,0.44,0
11037,11,274,319,334,179221,181574,180000,1.5,1.8,1.8,23,22,16,0.13,0.12,0.087
11038,11,8,5,5,11991,12102,12000,0.67,0.41,0.41,4,4,1,0.33,0.33,0.082
11039,11,24,25,36,36370,36567,37000,0.66,0.68,0.98,7,3,6,0.19,0.082,0.16
11040,11,2,4,3,18646,18800,19000,0.11,0.21,0.16,1,0,0,0.054,0,0
11041,11,50,59,78,61005,61617,62000,0.82,0.96,1.3,10,12,7,0.16,0.19,0.11
11042,11,50,113,100,144543,145599,150000,0.35,0.78,0.68,9,11,10,0.062,0.076,0.068
11043,11,7,8,5,20022,19954,20000,0.35,0.4,0.25,1,3,1,0.05,0.15,0.05
11044,11,79,113,129,57361,57900,58000,1.4,2,2.2,5,13,8,0.087,0.22,0.14
11045,11,4,4,1,11745,11774,12000,0.34,0.34,0.085,4,2,0,0.34,0.17,0
11046,11,47,67,77,72732,73346,74000,0.65,0.91,1,9,14,8,0.12,0.19,0.11
12001,12,5764,5845,4855,817933,826366,830000,7,7.1,5.8,1008,1170,883,1.2,1.4,1.1
12002,12,3,3,0,25593,25694,26000,0.12,0.12,0,3,3,0,0.12,0.12,0
12003,12,6,42,33,38839,38814,39000,0.15,1.1,0.85,3,19,16,0.077,0.49,0.41
12004,12,7,8,7,19576,19746,20000,0.36,0.41,0.35,4,6,4,0.2,0.3,0.2
12005,12,0,0,2,6894,6980,7100,0,0,0.28,0,0,0,0,0,0
12006,12,7,7,22,12540,12481,12000,0.56,0.56,1.8,6,3,12,0.48,0.24,0.96
12007,12,74,67,41,32755,32800,33000,2.3,2,1.2,35,21,15,1.1,0.64,0.46
12008,12,0,1,0,8638,8692,8700,0,0.12,0,0,0,0,0,0,0
12009,12,0,1,0,5872,5915,6000,0,0.17,0,0,1,0,0,0.17,0
12010,12,14,6,5,27028,27173,27000,0.52,0.22,0.18,12,5,1,0.44,0.18,0.037
12011,12,113,181,150,62538,62706,63000,1.8,2.9,2.4,62,100,60,0.99,1.6,0.95
12012,12,78,75,33,64454,64950,65000,1.2,1.2,0.5,49,51,17,0.76,0.79,0.26
12013,12,2,3,16,14789,14862,15000,0.14,0.2,1.1,2,3,15,0.14,0.2,1
12014,12,7,9,2,15250,15259,15000,0.46,0.59,0.13,3,3,0,0.2,0.2,0
12015,12,3,3,8,12913,12940,13000,0.23,0.23,0.62,1,0,0,0.077,0,0
12016,12,0,0,3,13158,13044,13000,0,0,0.23,0,0,2,0,0,0.15
12017,12,8,5,21,15026,15066,15000,0.53,0.33,1.4,0,1,3,0,0.066,0.2
12018,12,6,0,3,14150,14303,14000,0.42,0,0.21,3,0,1,0.21,0,0.069
12019,12,2,1,1,14726,14762,15000,0.14,0.068,0.068,0,0,1,0,0,0.068
12020,12,1,4,9,19201,19260,19000,0.052,0.21,0.47,0,2,6,0,0.1,0.31
12021,12,117,201,166,75242,75607,76000,1.6,2.7,2.2,47,108,106,0.62,1.4,1.4
12022,12,173,104,111,42634,42443,42000,4.1,2.5,2.6,82,40,67,1.9,0.94,1.6
12023,12,20,17,23,26615,26754,27000,0.75,0.64,0.86,15,13,18,0.56,0.49,0.67
12024,12,0,0,3,7111,7098,7100,0,0,0.42,0,0,2,0,0,0.28
12025,12,1,4,1,15318,15291,15000,0.065,0.26,0.065,0,2,1,0,0.13,0.065
12026,12,0,4,8,9296,9281,9300,0,0.43,0.86,0,4,1,0,0.43,0.11
12027,12,14,28,13,21752,21764,22000,0.64,1.3,0.6,8,8,1,0.37,0.37,0.046
12028,12,136,130,100,125142,126474,130000,1.1,1,0.78,42,29,46,0.34,0.23,0.36
12029,12,1001,1033,1071,252076,255642,260000,4,4,4.1,152,111,164,0.6,0.43,0.63
12030,12,5,17,13,20694,20793,21000,0.24,0.82,0.62,1,7,5,0.048,0.34,0.24
12031,12,3,2,6,6374,6327,6300,0.47,0.32,0.95,1,2,2,0.16,0.32,0.32
12032,12,5,2,18,37196,37128,37000,0.13,0.054,0.48,5,1,16,0.13,0.027,0.43
12033,12,4,2,9,14696,14746,15000,0.27,0.14,0.61,2,1,3,0.14,0.068,0.2
12034,12,3,3,17,38252,38416,39000,0.078,0.078,0.44,1,2,6,0.026,0.052,0.16
12035,12,578,500,512,145067,146461,150000,4,3.4,3.5,123,93,107,0.85,0.63,0.72
12036,12,8,9,7,10984,11014,11000,0.73,0.82,0.63,2,6,4,0.18,0.54,0.36
12037,12,0,449,2,6788,6829,6900,0,66,0.29,0,80,1,0,12,0.15
12038,12,571,449,382,123522,125299,130000,4.6,3.6,3,114,80,65,0.92,0.64,0.51
12039,12,9,10,22,25002,25146,25000,0.36,0.4,0.87,5,1,11,0.2,0.04,0.44
12040,12,3,4,18,25366,25473,26000,0.12,0.16,0.7,3,4,13,0.12,0.16,0.51
12041,12,9,8,5,30160,30278,30000,0.3,0.26,0.16,8,7,4,0.27,0.23,0.13
12042,12,8,1,0,18413,18630,19000,0.43,0.054,0,8,1,0,0.43,0.054,0
12043,12,2,2,1,19212,19156,19000,0.1,0.1,0.052,0,1,1,0,0.052,0.052
12044,12,0,0,4,11656,11702,12000,0,0,0.34,0,0,1,0,0,0.085
12045,12,7,6,12,25418,25607,26000,0.28,0.23,0.47,1,2,2,0.039,0.078,0.078
12046,12,159,150,105,63171,63701,64000,2.5,2.4,1.6,59,71,49,0.93,1.1,0.76
12047,12,2,6,3,7078,7050,7000,0.28,0.85,0.43,1,4,1,0.14,0.57,0.14
12048,12,36,14,48,45639,45544,46000,0.79,0.31,1.1,12,1,15,0.26,0.022,0.33
12049,12,2,13,11,11780,11814,12000,0.17,1.1,0.93,2,9,6,0.17,0.76,0.51
12050,12,51,92,99,37674,37726,38000,1.4,2.4,2.6,13,22,28,0.35,0.58,0.74
12051,12,5,1,3,35257,35238,35000,0.14,0.028,0.085,5,0,2,0.14,0,0.057
12052,12,15,15,8,42762,42569,42000,0.35,0.35,0.19,8,2,7,0.19,0.047,0.16
12053,12,21,35,26,49643,49866,50000,0.42,0.7,0.52,7,5,17,0.14,0.1,0.34
12054,12,4,14,41,28474,28403,28000,0.14,0.49,1.4,2,3,31,0.07,0.11,1.1
12055,12,162,153,138,106522,107074,110000,1.5,1.4,1.3,48,45,26,0.45,0.42,0.24
12056,12,22,14,8,44741,44776,45000,0.49,0.31,0.18,12,12,4,0.27,0.27,0.089
12057,12,147,175,151,63654,63983,64000,2.3,2.7,2.3,51,60,42,0.8,0.94,0.65
12058,12,57,113,137,54784,54887,55000,1,2.1,2.5,19,52,45,0.35,0.95,0.82
12059,12,6,16,18,31134,31244,31000,0.19,0.51,0.57,1,2,4,0.032,0.064,0.13
12060,12,4,3,3,13341,13343,13000,0.3,0.22,0.22,1,2,1,0.075,0.15,0.075
12061,12,49,5,51,41180,41464,42000,1.2,0.12,1.2,13,0,13,0.32,0,0.31
12062,12,7,13,4,22063,22332,23000,0.32,0.58,0.18,5,11,4,0.23,0.49,0.18
12063,12,1,0,1,10258,10328,10000,0.097,0,0.096,0,0,0,0,0,0
12064,12,7,8,1,11656,11623,12000,0.6,0.69,0.086,4,5,1,0.34,0.43,0.086
12065,12,3,5,2,7272,7310,7300,0.41,0.68,0.27,3,4,2,0.41,0.55,0.27
12066,12,198,322,181,85961,87706,89000,2.3,3.7,2,71,47,37,0.83,0.54,0.41
12067,12,5,16,18,22252,22300,22000,0.22,0.72,0.81,1,6,3,0.045,0.27,0.13
12068,12,69,6,62,26121,26086,26000,2.6,0.23,2.4,17,0,32,0.65,0,1.2
12069,12,1,10,3,12341,12211,12000,0.081,0.82,0.25,1,7,1,0.081,0.57,0.082
12070,12,0,0,1,7174,7167,7200,0,0,0.14,0,0,1,0,0,0.14
12071,12,7,4,6,28870,29107,29000,0.24,0.14,0.2,6,3,5,0.21,0.1,0.17
12072,12,12,7,3,10727,10755,11000,1.1,0.65,0.28,11,4,2,1,0.37,0.19
12073,12,6,2,2,18935,18676,18000,0.32,0.11,0.11,3,1,2,0.16,0.054,0.11
12074,12,1,1,0,23328,23530,24000,0.043,0.042,0,1,1,0,0.043,0.042,0
12075,12,13,13,46,48111,48736,49000,0.27,0.27,0.93,6,5,5,0.12,0.1,0.1
12076,12,5,5,9,33656,33880,34000,0.15,0.15,0.26,5,3,8,0.15,0.089,0.23
12077,12,13,8,12,13264,13351,13000,0.98,0.6,0.89,8,7,4,0.6,0.52,0.3
12078,12,0,6,3,19284,19423,20000,0,0.31,0.15,0,6,2,0,0.31,0.1
12079,12,0,0,0,15913,15903,16000,0,0,0,0,0,0,0,0,0
12080,12,1,4,4,7412,7474,7500,0.13,0.54,0.53,1,3,4,0.13,0.4,0.53
12081,12,0,0,0,10632,10632,11000,0,0,0,0,0,0,0,0,0
13001,13,6,3,5,20580,20734,21000,0.29,0.14,0.24,2,0,1,0.097,0,0.048
13002,13,5,8,11,41735,42209,43000,0.12,0.19,0.26,0,3,1,0,0.071,0.023
13003,13,251,133,148,55899,56564,57000,4.5,2.4,2.6,5,1,6,0.09,0.018,0.11
13004,13,4,3,2,9072,9116,9200,0.44,0.33,0.22,1,0,1,0.11,0,0.11
13005,13,2,2,5,17284,17433,18000,0.12,0.11,0.29,NA,NA,NA,NA,NA,NA
13006,13,3,2,6,19357,19420,20000,0.15,0.1,0.3,0,2,0,0,0.1,0
13007,13,0,4,5,0,11508,12000,0,0.35,0.43,0,1,1,0,0.087,0.087
13008,13,62,80,56,43411,43758,44000,1.4,1.8,1.3,1,2,1,0.023,0.046,0.023
13009,13,7,8,5,17942,18182,18000,0.39,0.44,0.27,0,1,2,0,0.055,0.11
13010,13,9,10,33,27482,27754,28000,0.33,0.36,1.2,1,0,0,0.037,0,0
13011,13,4,2,0,19593,19604,0,0.2,0.1,0,NA,NA,NA,NA,NA,NA
13012,13,29,17,17,27736,28045,28000,1,0.61,0.6,3,0,1,0.11,0,0.035
13013,13,44,18,61,32206,32717,33000,1.4,0.55,1.8,2,2,2,0.063,0.061,0.06
13014,13,0,1,2,0,17171,17000,0,0.058,0.12,0,1,1,0,0.058,0.058
13015,13,3,2,0,18978,19301,0,0.16,0.1,0,2,0,0,0.11,0,0
13016,13,9,6,14,56662,57414,59000,0.16,0.1,0.24,2,1,5,0.036,0.017,0.086
13017,13,1,0,2,12452,0,13000,0.08,0,0.16,1,0,0,0.08,0,0
13018,13,0,0,1,0,0,23000,0,0,0.044,0,0,1,0,0,0.044
13019,13,2,0,2,17961,0,18000,0.11,0,0.11,0,0,1,0,0,0.054
13021,13,2,5,6,13587,13724,14000,0.15,0.36,0.43,0,1,0,0,0.073,0
13022,13,0,2,8,0,14594,15000,0,0.14,0.54,0,1,0,0,0.069,0
13023,13,4,1,15,35082,35348,36000,0.11,0.028,0.42,0,1,1,0,0.028,0.028
13024,13,7,1,7,17643,17706,18000,0.4,0.056,0.39,2,1,1,0.11,0.056,0.055
13025,13,1,0,1,22591,0,22000,0.044,0,0.045,1,0,0,0.044,0,0
13026,13,0,0,1,0,0,13000,0,0,0.077,NA,NA,NA,NA,NA,NA
13027,13,4,2,4,23701,23713,24000,0.17,0.084,0.17,2,1,0,0.084,0.042,0
13028,13,59,44,50,124494,124990,130000,0.47,0.35,0.4,6,3,5,0.048,0.024,0.04
13029,13,64,40,48,45372,45902,46000,1.4,0.87,1,3,1,3,0.066,0.022,0.065
13030,13,219,132,125,89707,91220,93000,2.4,1.4,1.3,5,3,3,0.056,0.033,0.032
13031,13,9,7,10,12974,13014,13000,0.69,0.54,0.76,1,1,2,0.077,0.077,0.15
13034,13,1,0,2,9905,0,9900,0.1,0,0.2,1,0,0,0.1,0,0
13035,13,8,12,6,11941,12194,12000,0.67,0.98,0.49,1,1,0,0.084,0.082,0
13036,13,0,2,6,0,9606,9700,0,0.21,0.62,0,0,2,0,0,0.21
13037,13,6,6,11,21928,22066,22000,0.27,0.27,0.5,0,3,1,0,0.14,0.045
13038,13,1,4,5,8198,8360,8500,0.12,0.48,0.59,NA,NA,NA,NA,NA,NA
13039,13,1,2,2,14195,14479,15000,0.07,0.14,0.14,0,1,0,0,0.069,0
13040,13,0,5,5,0,10516,11000,0,0.48,0.47,NA,NA,NA,NA,NA,NA
13041,13,92,70,61,44150,44718,45000,2.1,1.6,1.3,2,1,0,0.046,0.022,0
13042,13,3,5,15,11372,11417,11000,0.26,0.44,1.3,0,0,3,0,0,0.26
13043,13,1,0,0,6707,0,0,0.15,0,0,1,0,0,0.15,0,0
13044,13,0,1,3,0,15818,16000,0,0.063,0.19,0,1,0,0,0.063,0
13045,13,6,7,1,9314,9467,9500,0.64,0.74,0.11,3,0,0,0.32,0,0
13046,13,1,0,5,39343,0,39000,0.025,0,0.13,1,0,1,0.025,0,0.026
13048,13,1174,1100,1111,269277,268367,270000,4.4,4.1,4.1,7,8,14,0.026,0.03,0.052
13049,13,0,1,6,0,18394,18000,0,0.054,0.33,0,1,1,0,0.054,0.054
13050,13,4,7,25,22881,23195,24000,0.17,0.3,1.1,1,1,0,0.044,0.043,0
13051,13,62,57,139,143716,152112,160000,0.43,0.37,0.87,1,1,1,0.0072,0.0067,0.0063
13052,13,12,6,11,33251,33734,34000,0.36,0.18,0.32,1,1,1,0.03,0.03,0.029
13053,13,8,5,7,18169,18074,18000,0.44,0.28,0.39,4,1,4,0.22,0.055,0.22
13054,13,8,8,8,33810,34097,35000,0.24,0.23,0.23,3,0,2,0.089,0,0.058
13055,13,3,2,2,16433,16621,17000,0.18,0.12,0.12,0,0,1,0,0,0.059
13056,13,4,8,16,34485,35006,36000,0.12,0.23,0.45,0,1,0,0,0.029,0
13057,13,3,10,14,15241,15408,16000,0.2,0.65,0.9,1,2,1,0.066,0.13,0.065
13058,13,1,0,0,17175,0,0,0.058,0,0,NA,NA,NA,NA,NA,NA
13059,13,2,0,6,35772,0,37000,0.056,0,0.16,2,0,1,0.056,0,0.028
13060,13,13,24,17,17519,17630,18000,0.74,1.4,0.96,1,4,1,0.057,0.23,0.057
13061,13,103,119,141,52219,52390,53000,2,2.3,2.7,1,2,3,0.019,0.038,0.057
13062,13,3,3,2,29494,29516,30000,0.1,0.1,0.068,1,1,1,0.034,0.034,0.034
13063,13,143,173,168,83422,84656,86000,1.7,2,2,1,4,5,0.012,0.047,0.058
13064,13,2,1,8,10147,10245,10000,0.2,0.098,0.77,0,0,1,0,0,0.097
13065,13,0,0,1,0,0,12000,0,0,0.085,0,0,1,0,0,0.085
13066,13,2,1,11,11888,11926,12000,0.17,0.084,0.91,NA,NA,NA,NA,NA,NA
13067,13,20,8,23,49481,49818,51000,0.4,0.16,0.45,3,0,2,0.061,0,0.04
13068,13,0,2,1,0,14160,14000,0,0.14,0.071,0,1,0,0,0.071,0
13069,13,266,309,385,109307,115314,120000,2.4,2.7,3.2,8,0,5,0.074,0,0.042
13070,13,3,6,17,17575,17746,18000,0.17,0.34,0.95,0,0,3,0,0,0.17
13071,13,0,0,1,0,0,9900,0,0,0.1,NA,NA,NA,NA,NA,NA
13072,13,2,2,6,10506,10800,11000,0.19,0.19,0.54,1,0,0,0.095,0,0
13073,13,5,1,3,36873,36955,37000,0.14,0.027,0.08,4,0,2,0.11,0,0.054
13074,13,107,73,94,27330,27562,28000,3.9,2.6,3.4,1,1,0,0.037,0.036,0
13075,13,2,3,7,13610,13772,14000,0.15,0.22,0.5,1,1,0,0.073,0.073,0
13076,13,297,245,302,106812,108077,110000,2.8,2.3,2.8,11,8,14,0.1,0.074,0.13
13077,13,653,555,511,157186,159776,160000,4.2,3.5,3.1,1,10,9,0.0065,0.063,0.056
13079,13,1,0,1,7374,0,7400,0.14,0,0.14,1,0,0,0.14,0,0
13080,13,2,0,1,23748,0,24000,0.084,0,0.042,1,0,1,0.042,0,0.042
13081,13,24,39,26,34067,34832,35000,0.7,1.1,0.73,4,0,2,0.12,0,0.057
13082,13,0,2,9,0,18559,19000,0,0.11,0.48,0,1,1,0,0.054,0.053
13083,13,10,16,25,42185,43728,45000,0.24,0.37,0.55,NA,NA,NA,NA,NA,NA
13084,13,19,12,16,39499,39902,40000,0.48,0.3,0.4,2,0,1,0.051,0,0.025
14001,14,0,0,0,22065,0,0,0,0,0,0,0,0,0,0,0
14002,14,0,0,0,23710,0,0,0,0,0,0,0,0,0,0,0
14003,14,0,0,0,22031,0,0,0,0,0,0,0,0,0,0,0
14004,14,0,0,0,5725,0,0,0,0,0,0,0,0,0,0,0
14005,14,0,0,0,15040,0,0,0,0,0,0,0,0,0,0,0
14006,14,0,0,0,58734,0,0,0,0,0,0,0,0,0,0,0
14007,14,0,0,0,9085,0,0,0,0,0,0,0,0,0,0,0
14008,14,0,0,0,75729,0,0,0,0,0,0,0,0,0,0,0
14009,14,0,0,0,18312,0,0,0,0,0,0,0,0,0,0,0
14010,14,0,0,0,6792,0,0,0,0,0,0,0,0,0,0,0
14011,14,0,0,0,5558,0,0,0,0,0,0,0,0,0,0,0
14012,14,0,0,0,4163,0,0,0,0,0,0,0,0,0,0,0
14013,14,0,0,0,59721,0,0,0,0,0,0,0,0,0,0,0
14014,14,0,0,0,8451,0,0,0,0,0,0,0,0,0,0,0
14015,14,0,0,0,59282,0,0,0,0,0,0,0,0,0,0,0
14016,14,0,0,0,39417,0,0,0,0,0,0,0,0,0,0,0
14017,14,0,0,0,12904,0,0,0,0,0,0,0,0,0,0,0
14018,14,0,0,0,65956,0,0,0,0,0,0,0,0,0,0,0
14019,14,0,0,0,7313,0,0,0,0,0,0,0,0,0,0,0
14020,14,0,0,0,10336,0,0,0,0,0,0,0,0,0,0,0
14021,14,0,0,0,22322,0,0,0,0,0,0,0,0,0,0,0
14022,14,0,0,0,41612,0,0,0,0,0,0,0,0,0,0,0
14023,14,211,223,0,103065,104042,0,2,2.1,0,9,7,0,0.087,0.067,0
14024,14,0,0,0,26708,0,0,0,0,0,0,0,0,0,0,0
14025,14,0,0,0,18728,0,0,0,0,0,0,0,0,0,0,0
14026,14,0,0,0,6168,0,0,0,0,0,0,0,0,0,0,0
14027,14,0,0,0,17678,0,0,0,0,0,0,0,0,0,0,0
14028,14,0,0,0,2227,0,0,0,0,0,0,0,0,0,0,0
14029,14,0,0,0,18357,0,0,0,0,0,0,0,0,0,0,0
14030,14,0,0,0,50605,0,0,0,0,0,0,0,0,0,0,0
14031,14,0,0,0,3884,0,0,0,0,0,0,0,0,0,0,0
14032,14,0,0,0,6026,0,0,0,0,0,0,0,0,0,0,0
14033,14,0,0,0,21878,0,0,0,0,0,0,0,0,0,0,0
14034,14,0,0,0,2152,0,0,0,0,0,0,0,0,0,0,0
14035,14,0,0,0,52964,0,0,0,0,0,0,0,0,0,0,0
14036,14,0,0,0,19074,0,0,0,0,0,0,0,0,0,0,0
14037,14,0,0,0,24629,0,0,0,0,0,0,0,0,0,0,0
14038,14,0,0,0,4401,0,0,0,0,0,0,0,0,0,0,0
14039,14,6063,5197,7491,1506426,1499340,1500000,4,3.5,5,188,199,146,0.12,0.13,0.097
14040,14,0,0,0,10870,0,0,0,0,0,0,0,0,0,0,0
14041,14,0,0,0,6341,0,0,0,0,0,0,0,0,0,0,0
14042,14,0,0,0,9072,0,0,0,0,0,0,0,0,0,0,0
14043,14,0,0,0,24421,0,0,0,0,0,0,0,0,0,0,0
14044,14,0,0,0,46198,0,0,0,0,0,0,0,0,0,0,0
14045,14,0,0,0,19419,0,0,0,0,0,0,0,0,0,0,0
14046,14,0,0,0,33032,0,0,0,0,0,0,0,0,0,0,0
14047,14,0,0,0,23498,0,0,0,0,0,0,0,0,0,0,0
14048,14,0,0,0,19054,0,0,0,0,0,0,0,0,0,0,0
14049,14,0,0,0,9875,0,0,0,0,0,0,0,0,0,0,0
14050,14,0,0,0,43508,0,0,0,0,0,0,0,0,0,0,0
14051,14,0,0,0,13653,0,0,0,0,0,0,0,0,0,0,0
14052,14,0,0,0,5620,0,0,0,0,0,0,0,0,0,0,0
14053,14,178,193,222,159060,161204,160000,1.1,1.2,1.4,24,20,12,0.15,0.12,0.074
14054,14,0,0,0,5568,0,0,0,0,0,0,0,0,0,0,0
14055,14,0,0,0,22098,0,0,0,0,0,0,0,0,0,0,0
14056,14,0,0,0,2515,0,0,0,0,0,0,0,0,0,0,0
14057,14,0,0,0,3834,0,0,0,0,0,0,0,0,0,0,0
14058,14,0,0,0,14628,0,0,0,0,0,0,0,0,0,0,0
14059,14,0,0,0,13744,0,0,0,0,0,0,0,0,0,0,0
14060,14,0,0,0,6096,0,0,0,0,0,0,0,0,0,0,0
14061,14,0,0,0,18633,0,0,0,0,0,0,0,0,0,0,0
14062,14,0,0,0,3680,0,0,0,0,0,0,0,0,0,0,0
14063,14,192,143,160,94996,95718,96000,2,1.5,1.7,12,12,24,0.13,0.13,0.25
14064,14,0,0,0,30804,0,0,0,0,0,0,0,0,0,0,0
14065,14,0,0,0,12346,0,0,0,0,0,0,0,0,0,0,0
14066,14,0,0,0,49838,0,0,0,0,0,0,0,0,0,0,0
14067,14,777,706,584,268046,273372,280000,2.9,2.6,2.1,56,53,30,0.21,0.19,0.11
14068,14,0,0,0,11862,0,0,0,0,0,0,0,0,0,0,0
14069,14,0,0,0,8850,0,0,0,0,0,0,0,0,0,0,0
14070,14,359,432,420,146040,149574,150000,2.5,2.9,2.8,37,39,49,0.25,0.26,0.32
14071,14,0,0,0,3219,0,0,0,0,0,0,0,0,0,0,0
14072,14,0,0,0,6835,0,0,0,0,0,0,0,0,0,0,0
14073,14,0,0,0,67868,0,0,0,0,0,0,0,0,0,0,0
14074,14,0,0,0,16310,0,0,0,0,0,0,0,0,0,0,0
14075,14,0,0,0,3848,0,0,0,0,0,0,0,0,0,0,0
14076,14,0,0,0,3483,0,0,0,0,0,0,0,0,0,0,0
14077,14,0,0,0,27088,0,0,0,0,0,0,0,0,0,0,0
14078,14,0,0,0,32568,0,0,0,0,0,0,0,0,0,0,0
14079,14,0,0,0,14512,0,0,0,0,0,0,0,0,0,0,0
14080,14,0,0,0,5830,0,0,0,0,0,0,0,0,0,0,0
14081,14,0,0,0,3770,0,0,0,0,0,0,0,0,0,0,0
14082,14,0,0,0,35320,0,0,0,0,0,0,0,0,0,0,0
14083,14,0,0,0,72826,0,0,0,0,0,0,0,0,0,0,0
14093,14,181,285,364,140062,141618,140000,1.3,2,2.5,9,10,15,0.064,0.071,0.1
14097,14,872,980,826,467219,492327,510000,1.9,2,1.6,55,65,60,0.12,0.13,0.12
14098,14,1273,1207,1459,626078,633331,640000,2,1.9,2.3,112,114,97,0.18,0.18,0.15
14101,14,662,742,959,500619,510251,520000,1.3,1.5,1.8,59,78,63,0.12,0.15,0.12
14120,14,2925,3021,4003,1283618,1300046,1300000,2.3,2.3,3,250,202,210,0.19,0.16,0.16
14123,14,0,0,165,0,0,18000,0,0,9,0,0,7,0,0,0.38
15001,15,19,46,39,63643,64424,65000,0.3,0.71,0.6,2,9,2,0.031,0.14,0.031
15002,15,432,633,633,156052,164926,170000,2.8,3.8,3.7,11,12,19,0.07,0.073,0.11
15003,15,23,26,34,47156,47906,49000,0.49,0.54,0.7,1,2,4,0.021,0.042,0.082
15004,15,11,12,17,15452,15612,16000,0.71,0.77,1.1,0,2,0,0,0.13,0
15005,15,144,170,245,157108,160499,160000,0.92,1.1,1.5,10,13,10,0.064,0.081,0.061
15006,15,36,1,15,11709,12020,12000,3.1,0.083,1.2,0,0,0,0,0,0
15007,15,5,17,25,24163,24586,25000,0.21,0.69,1,2,3,4,0.083,0.12,0.16
15008,15,8,7,5,27041,27048,27000,0.3,0.26,0.18,1,0,0,0.037,0,0
15009,15,232,320,208,50056,50430,51000,4.6,6.3,4.1,7,13,7,0.14,0.26,0.14
15010,15,38,90,28,28874,29270,30000,1.3,3.1,0.95,4,4,4,0.14,0.14,0.14
15011,15,129,138,172,61357,63428,65000,2.1,2.2,2.6,7,18,3,0.11,0.28,0.046
15012,15,14,11,25,10934,11156,11000,1.3,0.99,2.2,5,2,2,0.46,0.18,0.18
15013,15,2663,1887,2899,512332,518766,530000,5.2,3.6,5.5,22,40,53,0.043,0.077,0.1
15014,15,136,165,282,100500,103072,110000,1.4,1.6,2.7,1,7,5,0.01,0.068,0.047
15015,15,40,40,24,29414,30028,31000,1.4,1.3,0.78,1,3,0,0.034,0.1,0
15016,15,37,42,49,27196,27776,28000,1.4,1.5,1.7,2,0,1,0.074,0,0.035
15017,15,11,22,14,9812,10200,11000,1.1,2.2,1.3,1,1,1,0.1,0.098,0.095
15018,15,35,75,130,50478,51772,53000,0.69,1.4,2.5,2,7,2,0.04,0.14,0.038
15019,15,25,33,67,35975,36587,37000,0.69,0.9,1.8,3,3,3,0.083,0.082,0.081
15020,15,3762,2854,2158,287061,288886,290000,13,9.9,7.4,15,27,28,0.052,0.093,0.096
15021,15,25,42,67,38172,38816,39000,0.65,1.1,1.7,3,9,0,0.079,0.23,0
15022,15,59,43,54,12556,12640,13000,4.7,3.4,4.2,4,5,2,0.32,0.4,0.16
15023,15,53,48,147,40198,40423,41000,1.3,1.2,3.6,11,9,11,0.27,0.22,0.27
15024,15,1022,871,1150,152142,156958,160000,6.7,5.5,7.1,8,14,19,0.053,0.089,0.12
15025,15,2545,2981,2491,333339,342220,350000,7.6,8.7,7.1,55,82,58,0.16,0.24,0.17
15026,15,8,9,5,29788,30667,31000,0.27,0.29,0.16,0,1,0,0,0.033,0
15027,15,9,20,28,10804,11290,12000,0.83,1.8,2.4,0,2,0,0,0.18,0
15028,15,47,74,78,27902,28505,29000,1.7,2.6,2.7,2,0,2,0.072,0,0.069
15029,15,746,1107,678,181737,183572,190000,4.1,6,3.7,8,17,23,0.044,0.093,0.12
15030,15,108,135,154,24294,24820,25000,4.4,5.4,6.1,1,4,1,0.041,0.16,0.04
15031,15,1903,889,2042,655120,670029,680000,2.9,1.3,3,45,76,96,0.069,0.11,0.14
15032,15,20,29,32,35194,35764,36000,0.57,0.81,0.88,1,7,2,0.028,0.2,0.055
15033,15,18761,14835,14742,1710001,1721195,1700000,11,8.6,8.5,325,383,312,0.19,0.22,0.18
15034,15,12,7,8,9912,10098,10000,1.2,0.69,0.78,0,0,0,0,0,0
15035,15,260,245,553,113922,120263,130000,2.3,2,4.4,4,12,22,0.035,0.1,0.17
15036,15,23,17,38,41828,42444,43000,0.55,0.4,0.88,2,0,1,0.048,0,0.023
15037,15,1007,736,839,254990,259148,260000,3.9,2.8,3.2,20,26,24,0.078,0.1,0.091
15038,15,3,5,10,10968,11207,11000,0.27,0.45,0.87,3,0,1,0.27,0,0.087
15039,15,2939,3578,2042,492192,500428,510000,6,7.1,4,51,49,38,0.1,0.098,0.075
15040,15,50,50,94,35362,35952,37000,1.4,1.4,2.6,3,2,3,0.085,0.056,0.082
15041,15,2,3,7,6864,6915,7000,0.29,0.43,1,1,0,0,0.15,0,0
15042,15,134,111,199,149459,152220,150000,0.9,0.73,1.3,4,6,14,0.027,0.039,0.09
15043,15,17,34,38,29436,30494,31000,0.58,1.1,1.2,1,4,1,0.034,0.13,0.032
15044,15,43,42,72,27251,27459,28000,1.6,1.5,2.6,1,1,2,0.037,0.036,0.072
15045,15,153,186,196,89341,91371,93000,1.7,2,2.1,3,17,17,0.034,0.19,0.18
15046,15,6,4,21,19582,20224,21000,0.31,0.2,1,3,1,2,0.15,0.049,0.096
15047,15,21,11,17,73135,74560,76000,0.29,0.15,0.22,1,3,2,0.014,0.04,0.026
15048,15,37,58,42,64495,65567,67000,0.57,0.88,0.63,2,1,1,0.031,0.015,0.015
15049,15,3,16,14,13670,13958,14000,0.22,1.1,0.98,0,0,2,0,0,0.14
15050,15,22,38,48,24826,25268,26000,0.89,1.5,1.9,3,4,5,0.12,0.16,0.19
15051,15,346,389,544,146285,150819,150000,2.4,2.6,3.5,3,15,13,0.021,0.099,0.084
15052,15,34,37,31,27010,27438,28000,1.3,1.3,1.1,2,5,2,0.074,0.18,0.072
15053,15,124,118,215,55066,57053,59000,2.3,2.1,3.7,5,3,7,0.091,0.053,0.12
15054,15,1351,1185,1452,224022,226854,230000,6,5.2,6.3,6,16,13,0.027,0.071,0.057
15055,15,11,15,43,12472,12748,13000,0.88,1.2,3.3,0,0,2,0,0,0.15
15056,15,5,4,10,29720,30088,30000,0.17,0.13,0.33,1,1,0,0.034,0.033,0
15057,15,5950,6379,7774,866126,874128,880000,6.9,7.3,8.8,113,190,121,0.13,0.22,0.14
15058,15,9270,10008,9847,1145258,1151636,1200000,8.1,8.7,8.5,137,171,169,0.12,0.15,0.15
15059,15,57,69,143,38640,40530,42000,1.5,1.7,3.4,4,6,6,0.1,0.15,0.14
15060,15,1091,1334,1413,393232,403280,410000,2.8,3.3,3.4,23,40,28,0.058,0.099,0.068
15061,15,14,18,36,9316,9442,9600,1.5,1.9,3.8,1,0,3,0.11,0,0.31
15062,15,140,113,200,65624,66955,68000,2.1,1.7,2.9,2,6,8,0.03,0.09,0.12
15063,15,53,48,33,34028,34830,36000,1.6,1.4,0.93,3,8,7,0.088,0.23,0.2
15064,15,18,16,25,36064,36552,37000,0.5,0.44,0.67,0,2,1,0,0.055,0.027
15065,15,211,86,105,36368,37098,38000,5.8,2.3,2.8,5,3,7,0.14,0.081,0.19
15066,15,0,3,1,5042,5074,5100,0,0.59,0.2,0,3,0,0,0.59,0
15067,15,66,72,103,82934,84658,86000,0.8,0.85,1.2,7,6,4,0.084,0.071,0.046
15068,15,90,91,61,28858,29408,30000,3.1,3.1,2,3,3,2,0.1,0.1,0.067
15069,15,9,11,13,4368,4439,4500,2.1,2.5,2.9,0,0,0,0,0,0
15070,15,1706,1133,1757,267210,271568,280000,6.4,4.2,6.4,35,38,49,0.13,0.14,0.18
15071,15,27,19,23,13586,13742,14000,2,1.4,1.7,3,1,1,0.22,0.073,0.072
15072,15,4,34,26,13550,13838,14000,0.3,2.5,1.8,0,0,0,0,0,0
15073,15,28,47,69,25297,26722,28000,1.1,1.8,2.5,2,1,1,0.079,0.037,0.036
15074,15,29,24,64,129606,132704,140000,0.22,0.18,0.47,4,6,5,0.031,0.045,0.037
15075,15,27,56,70,26454,27039,28000,1,2.1,2.5,1,1,3,0.038,0.037,0.11
15076,15,200,249,358,76212,77387,79000,2.6,3.2,4.6,3,7,5,0.039,0.09,0.064
15077,15,4,2,5,6641,6767,6900,0.6,0.3,0.73,0,2,0,0,0.3,0
15078,15,4,8,3,9444,9523,9600,0.42,0.84,0.31,1,3,0,0.11,0.32,0
15079,15,16,21,18,12408,12604,13000,1.3,1.7,1.4,4,4,1,0.32,0.32,0.078
15080,15,8,7,14,26740,26934,27000,0.3,0.26,0.52,4,2,1,0.15,0.074,0.037
15081,15,2737,2550,2066,399874,414582,430000,6.8,6.2,4.8,40,56,42,0.1,0.14,0.098
15082,15,95,90,99,75032,76308,78000,1.3,1.2,1.3,16,17,6,0.21,0.22,0.077
15083,15,23,74,48,11806,12006,12000,1.9,6.2,3.9,0,1,2,0,0.083,0.16
15084,15,79,50,72,37792,38345,39000,2.1,1.3,1.9,2,6,2,0.053,0.16,0.051
15085,15,10,16,23,65632,66516,67000,0.15,0.24,0.34,0,3,3,0,0.045,0.044
15086,15,21,31,32,34380,34788,35000,0.61,0.89,0.91,1,2,3,0.029,0.057,0.085
15087,15,66,54,85,95401,97307,99000,0.69,0.55,0.86,4,7,5,0.042,0.072,0.05
15088,15,170,182,254,96256,98056,1e+05,1.8,1.9,2.5,5,9,5,0.052,0.092,0.05
15089,15,18,21,10,11212,11422,12000,1.6,1.8,0.86,3,1,0,0.27,0.088,0
15090,15,192,205,166,82570,84122,86000,2.3,2.4,1.9,4,6,3,0.048,0.071,0.035
15091,15,92,97,238,64016,63054,63000,1.4,1.5,3.8,6,9,8,0.094,0.14,0.13
15092,15,393,299,175,56204,57325,58000,7,5.2,3,6,4,5,0.11,0.07,0.086
15093,15,18,53,32,29382,29830,30000,0.61,1.8,1.1,0,2,1,0,0.067,0.033
15094,15,38,34,22,19260,19558,20000,2,1.7,1.1,0,1,1,0,0.051,0.05
15095,15,209,347,466,96696,99985,1e+05,2.2,3.5,4.5,11,18,15,0.11,0.18,0.15
15096,15,27,73,56,35660,36213,37000,0.76,2,1.5,2,1,1,0.056,0.028,0.027
15097,15,8,22,23,18255,18510,19000,0.44,1.2,1.2,0,0,2,0,0,0.11
15098,15,3,4,8,5404,5506,5600,0.56,0.73,1.4,0,0,0,0,0,0
15099,15,1950,2057,1834,249351,254266,260000,7.8,8.1,7.1,18,29,23,0.072,0.11,0.089
15100,15,110,143,171,38862,40403,42000,2.8,3.5,4.1,4,8,2,0.1,0.2,0.048
15101,15,162,141,163,74411,75622,77000,2.2,1.9,2.1,2,5,6,0.027,0.066,0.078
15102,15,3,10,10,16112,16328,17000,0.19,0.61,0.6,0,1,2,0,0.061,0.12
15103,15,166,199,94,48224,48814,49000,3.4,4.1,1.9,9,5,7,0.19,0.1,0.14
15104,15,5647,6025,6598,684800,688350,690000,8.2,8.8,9.5,69,83,118,0.1,0.12,0.17
15105,15,5,10,8,33933,34028,34000,0.15,0.29,0.23,0,3,0,0,0.088,0
15106,15,6154,6407,6206,864296,879108,890000,7.1,7.3,6.9,56,102,100,0.065,0.12,0.11
15107,15,38,38,20,12772,12978,13000,3,2.9,1.5,1,0,2,0.078,0,0.15
15108,15,464,455,622,92931,91326,90000,5,5,6.9,11,12,18,0.12,0.13,0.2
15109,15,2232,2964,3598,554724,565130,580000,4,5.2,6.3,54,73,75,0.097,0.13,0.13
15110,15,116,177,170,65708,67172,69000,1.8,2.6,2.5,6,8,12,0.091,0.12,0.18
15111,15,8,24,35,50392,51298,52000,0.16,0.47,0.67,0,3,2,0,0.058,0.038
15112,15,15,14,25,47421,48274,49000,0.32,0.29,0.51,3,3,2,0.063,0.062,0.041
15113,15,68,80,62,63588,64802,66000,1.1,1.2,0.94,1,8,4,0.016,0.12,0.061
15114,15,15,30,74,100605,102898,110000,0.15,0.29,0.7,4,12,8,0.04,0.12,0.076
15115,15,90,95,136,47977,48366,49000,1.9,2,2.8,3,3,3,0.063,0.062,0.061
15116,15,9,4,3,4220,4260,4300,2.1,0.94,0.7,1,2,1,0.24,0.47,0.23
15117,15,14,9,17,15881,16098,16000,0.88,0.56,1,5,4,3,0.31,0.25,0.18
15118,15,287,431,513,180903,185988,190000,1.6,2.3,2.7,6,11,16,0.033,0.059,0.084
15119,15,7,11,8,16916,17026,17000,0.41,0.65,0.47,3,3,1,0.18,0.18,0.058
15120,15,441,823,975,172294,177244,180000,2.6,4.6,5.4,14,22,24,0.081,0.12,0.13
15121,15,3585,4918,5873,533982,540154,550000,6.7,9.1,11,53,76,72,0.099,0.14,0.13
15122,15,2684,3037,2642,375193,380819,390000,7.2,8,6.8,49,51,44,0.13,0.13,0.11
15123,15,11,10,18,28531,28529,29000,0.39,0.35,0.63,1,4,5,0.035,0.14,0.17
15124,15,5,23,37,96210,97802,99000,0.052,0.24,0.37,2,4,7,0.021,0.041,0.07
15125,15,9,21,33,11054,11380,12000,0.81,1.8,2.8,2,5,3,0.18,0.44,0.26
16001,16,11,12,8,11264,11328,11000,0.98,1.1,0.7,2,4,4,0.18,0.35,0.35
16002,16,12,10,23,16372,16269,16000,0.73,0.61,1.4,4,6,13,0.24,0.37,0.8
16003,16,10,13,16,21540,21718,22000,0.46,0.6,0.73,0,1,6,0,0.046,0.27
16004,16,1,2,5,15338,15570,16000,0.065,0.13,0.32,0,0,1,0,0,0.063
16005,16,2,1,3,10980,11026,11000,0.18,0.091,0.27,2,0,0,0.18,0,0
16006,16,290,248,267,126474,127129,130000,2.3,2,2.1,43,34,77,0.34,0.27,0.6
16007,16,1,3,0,3368,3423,3500,0.3,0.88,0,1,2,0,0.3,0.58,0
16008,16,37,10,28,24133,24296,24000,1.5,0.41,1.1,23,7,12,0.95,0.29,0.49
16009,16,27,33,41,35767,35998,36000,0.75,0.92,1.1,4,6,5,0.11,0.17,0.14
16010,16,26,12,16,22062,22026,22000,1.2,0.54,0.73,6,2,6,0.27,0.091,0.27
16011,16,18,21,29,10940,11020,11000,1.6,1.9,2.6,4,5,5,0.37,0.45,0.45
16012,16,29,35,68,43465,43798,44000,0.67,0.8,1.5,6,9,42,0.14,0.21,0.95
16013,16,14,14,4,9286,9198,9100,1.5,1.5,0.44,6,7,0,0.65,0.76,0
16014,16,14,14,12,14792,15026,15000,0.95,0.93,0.79,10,10,6,0.68,0.67,0.39
16015,16,8,18,21,17756,17595,18000,0.45,1,1.2,4,7,8,0.23,0.4,0.46
16016,16,14,16,5,20894,20958,21000,0.67,0.76,0.24,3,1,0,0.14,0.048,0
16017,16,6,25,13,33667,33820,34000,0.18,0.74,0.38,0,3,2,0,0.089,0.059
16018,16,6,4,4,9222,9291,9400,0.65,0.43,0.43,3,0,0,0.33,0,0
16019,16,3,5,5,20114,20222,20000,0.15,0.25,0.25,1,1,3,0.05,0.049,0.15
16020,16,46,39,53,28870,29024,29000,1.6,1.3,1.8,4,4,3,0.14,0.14,0.1
16021,16,4,2,5,12602,12740,13000,0.32,0.16,0.39,2,1,1,0.16,0.078,0.078
16022,16,33,34,55,22368,22537,23000,1.5,1.5,2.4,5,5,13,0.22,0.22,0.57
16023,16,1,3,8,10122,10110,10000,0.099,0.3,0.79,1,2,1,0.099,0.2,0.099
16024,16,8,10,6,18832,19065,19000,0.42,0.52,0.31,2,5,0,0.11,0.26,0
16025,16,8,15,10,38112,38790,39000,0.21,0.39,0.25,1,6,2,0.026,0.15,0.051
16026,16,1,0,6,5325,5284,5300,0.19,0,1.1,0,0,4,0,0,0.76
16027,16,0,4,3,5197,5137,5100,0,0.78,0.59,0,0,1,0,0,0.2
16028,16,7,12,11,5621,5596,5600,1.2,2.1,2,2,2,1,0.36,0.36,0.18
16029,16,2,2,4,14586,14593,15000,0.14,0.14,0.27,2,1,3,0.14,0.069,0.21
16030,16,15,53,37,13060,13073,13000,1.1,4.1,2.8,4,4,4,0.31,0.31,0.31
16031,16,3,7,11,16433,16393,16000,0.18,0.43,0.67,2,1,2,0.12,0.061,0.12
16032,16,6,3,1,15001,15124,15000,0.4,0.2,0.066,0,0,0,0,0,0
16033,16,17,22,26,21812,21925,22000,0.78,1,1.2,4,6,10,0.18,0.27,0.45
16034,16,89,95,140,120174,120784,120000,0.74,0.79,1.2,18,13,13,0.15,0.11,0.11
16035,16,15,6,17,33212,33154,33000,0.45,0.18,0.51,5,1,9,0.15,0.03,0.27
16036,16,6,4,6,11822,11861,12000,0.51,0.34,0.5,1,2,4,0.085,0.17,0.34
16037,16,3,7,6,8128,8140,8100,0.37,0.86,0.74,1,1,4,0.12,0.12,0.49
16038,16,25,23,16,42448,42321,42000,0.59,0.54,0.38,8,7,8,0.19,0.17,0.19
16039,16,5,5,6,8107,8144,8200,0.62,0.61,0.73,0,0,1,0,0,0.12
16040,16,10,17,12,16863,16968,17000,0.59,1,0.7,2,4,2,0.12,0.24,0.12
16041,16,3,9,6,15706,16100,16000,0.19,0.56,0.37,1,3,1,0.064,0.19,0.061
16042,16,21,3,16,13850,13883,14000,1.5,0.22,1.1,7,1,3,0.51,0.072,0.22
16043,16,39,52,47,65310,65574,66000,0.6,0.79,0.71,6,4,5,0.092,0.061,0.076
16044,16,4,5,4,13451,13442,13000,0.3,0.37,0.3,1,2,2,0.074,0.15,0.15
16045,16,37,52,57,35098,35326,36000,1.1,1.5,1.6,6,12,8,0.17,0.34,0.23
16046,16,17,7,3,14025,14151,14000,1.2,0.49,0.21,7,4,0,0.5,0.28,0
16047,16,8,7,10,20346,20414,20000,0.39,0.34,0.49,2,5,2,0.098,0.24,0.098
16048,16,4,8,6,5694,5752,5800,0.7,1.4,1,1,3,3,0.18,0.52,0.52
16049,16,30,21,17,17872,17984,18000,1.7,1.2,0.94,4,0,7,0.22,0,0.39
16050,16,65,61,93,83208,84212,85000,0.78,0.72,1.1,4,11,6,0.048,0.13,0.07
16051,16,12,16,10,13638,13854,14000,0.88,1.2,0.71,3,5,0,0.22,0.36,0
16052,16,264,208,265,184248,185842,190000,1.4,1.1,1.4,57,32,42,0.31,0.17,0.22
16053,16,4393,5039,4824,748758,754213,760000,5.9,6.7,6.3,151,138,209,0.2,0.18,0.28
16054,16,4,5,5,8148,8061,8000,0.49,0.62,0.62,0,0,2,0,0,0.25
16055,16,45,31,41,46416,46832,47000,0.97,0.66,0.87,15,6,11,0.32,0.13,0.23
16056,16,10,8,14,27837,27987,28000,0.36,0.29,0.5,1,1,2,0.036,0.036,0.071
16057,16,9,10,7,7894,7856,7800,1.1,1.3,0.89,5,3,3,0.63,0.38,0.38
16058,16,6,11,17,19669,19950,20000,0.31,0.55,0.84,0,0,0,0,0,0
16059,16,5,3,1,8415,8450,8500,0.59,0.36,0.12,3,2,0,0.36,0.24,0
16060,16,4,3,7,9733,9738,9800,0.41,0.31,0.72,0,1,2,0,0.1,0.21
16061,16,0,9,7,23077,23180,23000,0,0.39,0.3,0,2,0,0,0.086,0
16062,16,3,9,6,19771,19802,20000,0.15,0.45,0.3,1,4,2,0.051,0.2,0.1
16063,16,4,7,15,16261,16229,16000,0.25,0.43,0.92,1,3,3,0.061,0.18,0.18
16064,16,15,7,16,26044,26226,26000,0.58,0.27,0.61,6,2,7,0.23,0.076,0.27
16065,16,11,22,46,35692,35972,36000,0.31,0.61,1.3,2,5,4,0.056,0.14,0.11
16066,16,104,106,131,90361,91099,92000,1.2,1.2,1.4,14,16,13,0.15,0.18,0.14
16067,16,4,1,5,17470,17504,18000,0.23,0.057,0.29,0,0,1,0,0,0.057
16068,16,11,27,17,26481,26916,27000,0.42,1,0.62,4,7,9,0.15,0.26,0.33
16069,16,203,173,218,102488,103334,1e+05,2,1.7,2.1,14,8,7,0.14,0.077,0.067
16070,16,4,13,6,15506,15437,15000,0.26,0.84,0.39,1,1,0,0.064,0.065,0
16071,16,25,27,38,69021,69195,69000,0.36,0.39,0.55,2,3,4,0.029,0.043,0.058
16072,16,8,8,17,13878,13955,14000,0.58,0.57,1.2,1,0,2,0.072,0,0.14
16073,16,14,19,15,26336,26552,27000,0.53,0.72,0.56,1,7,4,0.038,0.26,0.15
16074,16,9,7,22,10174,10200,10000,0.88,0.69,2.2,5,3,1,0.49,0.29,0.098
16075,16,50,57,76,67584,68909,70000,0.74,0.83,1.1,5,7,11,0.074,0.1,0.16
16076,16,84,86,110,75986,77110,78000,1.1,1.1,1.4,6,9,13,0.079,0.12,0.17
16077,16,19,18,10,18878,18962,19000,1,0.95,0.53,7,16,4,0.37,0.84,0.21
16078,16,2,5,2,12875,12930,13000,0.16,0.39,0.15,0,1,1,0,0.077,0.077
16079,16,20,19,27,47137,47805,48000,0.42,0.4,0.56,2,7,8,0.042,0.15,0.17
16080,16,4,6,3,19108,19329,20000,0.21,0.31,0.15,2,2,2,0.1,0.1,0.1
16081,16,9,8,0,8980,9060,9100,1,0.88,0,2,5,0,0.22,0.55,0
16082,16,72,62,67,72820,73806,75000,0.99,0.84,0.9,9,11,8,0.12,0.15,0.11
16083,16,30,19,52,30302,30558,31000,0.99,0.62,1.7,11,6,20,0.36,0.2,0.65
16084,16,7,9,11,28856,29205,30000,0.24,0.31,0.37,4,2,6,0.14,0.068,0.2
16085,16,17,13,8,33492,33671,34000,0.51,0.39,0.24,4,0,3,0.12,0,0.089
16086,16,24,26,30,15394,15394,15000,1.6,1.7,1.9,9,16,9,0.58,1,0.58
16087,16,10,12,24,13933,14033,14000,0.72,0.86,1.7,1,1,10,0.072,0.071,0.71
16088,16,127,118,113,86626,90217,93000,1.5,1.3,1.2,7,12,18,0.081,0.13,0.19
16089,16,21,14,33,23317,23320,23000,0.9,0.6,1.4,8,6,18,0.34,0.26,0.77
16090,16,3,5,9,14362,14488,15000,0.21,0.35,0.62,0,1,1,0,0.069,0.068
16091,16,2,5,2,13838,13912,14000,0.14,0.36,0.14,0,3,1,0,0.22,0.072
16092,16,16,6,8,14460,14438,14000,1.1,0.42,0.55,8,5,7,0.55,0.35,0.48
16093,16,9,9,12,28247,28412,29000,0.32,0.32,0.42,2,0,0,0.071,0,0
16094,16,7,5,5,6960,6939,6900,1,0.72,0.72,4,1,1,0.57,0.14,0.14
16095,16,3,1,12,11958,12104,12000,0.25,0.083,0.98,1,1,4,0.084,0.083,0.33
16096,16,0,0,6,7937,7840,7800,0,0,0.77,0,0,4,0,0,0.51
16097,16,11,8,11,32260,32109,32000,0.34,0.25,0.34,3,6,5,0.093,0.19,0.16
16098,16,11,21,28,26548,26660,27000,0.41,0.79,1,0,5,3,0,0.19,0.11
16099,16,14,17,4,16570,16604,17000,0.84,1,0.24,6,12,4,0.36,0.72,0.24
16100,16,6,11,7,14004,14140,14000,0.43,0.78,0.49,1,4,1,0.071,0.28,0.07
16101,16,4,1,4,9231,9131,9100,0.43,0.11,0.44,4,0,0,0.43,0,0
16102,16,881,856,935,326738,330484,330000,2.7,2.6,2.8,46,45,63,0.14,0.14,0.19
16103,16,22,28,52,24054,24199,24000,0.91,1.2,2.1,6,5,2,0.25,0.21,0.082
16104,16,6,10,7,17426,17532,18000,0.34,0.57,0.4,2,0,1,0.11,0,0.057
16105,16,34,39,39,19422,19518,20000,1.8,2,2,13,13,6,0.67,0.67,0.31
16106,16,33,80,54,31117,31488,32000,1.1,2.5,1.7,20,25,18,0.64,0.79,0.57
16107,16,54,46,48,74639,74786,75000,0.72,0.62,0.64,2,3,9,0.027,0.04,0.12
16108,16,293,232,306,191048,192364,190000,1.5,1.2,1.6,28,23,31,0.15,0.12,0.16
16109,16,1,0,1,3288,3273,3300,0.3,0,0.31,0,0,0,0,0,0
16110,16,50,42,59,47564,47732,48000,1.1,0.88,1.2,7,7,6,0.15,0.15,0.13
16111,16,17,7,18,15656,15778,16000,1.1,0.44,1.1,2,2,9,0.13,0.13,0.57
16112,16,172,233,263,160978,162798,160000,1.1,1.4,1.6,26,28,11,0.16,0.17,0.067
16113,16,7,6,11,26160,26292,26000,0.27,0.23,0.42,3,1,2,0.11,0.038,0.076
17001,17,2,21,23,17568,17785,18000,0.11,1.2,1.3,0,6,7,0,0.34,0.39
17002,17,8,33,44,20360,21013,22000,0.39,1.6,2,0,8,5,0,0.38,0.23
17003,17,36,34,65,34804,35198,36000,1,0.97,1.8,1,9,4,0.029,0.26,0.11
17004,17,115,75,68,81793,82906,84000,1.4,0.9,0.81,13,7,10,0.16,0.084,0.12
17005,17,9,13,17,9842,9982,10000,0.91,1.3,1.7,3,2,4,0.3,0.2,0.4
17006,17,1223,1322,1279,181042,183221,190000,6.8,7.2,6.9,51,90,65,0.28,0.49,0.35
17007,17,5787,4880,5154,374500,377666,380000,15,13,14,184,270,127,0.49,0.71,0.33
17008,17,344,342,446,87997,89910,92000,3.9,3.8,4.9,31,12,31,0.35,0.13,0.34
17009,17,29,117,91,18150,18477,19000,1.6,6.3,4.8,0,7,2,0,0.38,0.11
17010,17,6,17,26,16287,16530,17000,0.37,1,1.6,1,1,4,0.061,0.06,0.24
17011,17,1814,2102,1973,203616,206179,210000,8.9,10,9.5,26,50,66,0.13,0.24,0.32
17012,17,197,289,294,56667,57222,58000,3.5,5.1,5.1,37,80,25,0.65,1.4,0.43
17013,17,10,53,51,15026,15178,15000,0.67,3.5,3.3,1,10,2,0.067,0.66,0.13
17014,17,2,19,11,9718,9812,9900,0.21,1.9,1.1,1,4,2,0.1,0.41,0.2
17015,17,46,63,39,25829,26130,26000,1.8,2.4,1.5,13,8,13,0.5,0.31,0.49
17016,17,3,17,11,17346,17515,18000,0.17,0.97,0.62,1,2,4,0.058,0.11,0.23
17017,17,175,194,201,63504,64222,65000,2.8,3,3.1,26,55,38,0.41,0.86,0.58
17018,17,662,610,526,111748,113124,110000,5.9,5.4,4.6,44,55,44,0.39,0.49,0.38
17019,17,1,16,27,26149,26423,27000,0.038,0.61,1,1,5,1,0.038,0.19,0.037
17020,17,36,101,63,43446,44192,45000,0.83,2.3,1.4,1,15,9,0.023,0.34,0.2
17021,17,4,22,20,7756,7880,8000,0.52,2.8,2.5,1,10,3,0.13,1.3,0.38
17022,17,0,12,4,19770,19995,20000,0,0.6,0.2,0,1,2,0,0.05,0.099
17023,17,0,6,4,6870,6952,7000,0,0.86,0.57,0,0,1,0,0,0.14
17024,17,27,131,142,50389,50942,52000,0.54,2.6,2.8,2,46,26,0.04,0.9,0.5
17025,17,11,53,75,32339,32619,33000,0.34,1.6,2.3,4,9,6,0.12,0.28,0.18
17026,17,8,19,39,17204,17465,18000,0.47,1.1,2.2,0,2,6,0,0.11,0.34
17027,17,0,7,14,11080,11174,11000,0,0.63,1.2,0,2,2,0,0.18,0.18
17028,17,296,260,292,66437,67714,69000,4.5,3.8,4.2,29,22,29,0.44,0.32,0.42
17029,17,725,820,1014,102094,103791,110000,7.1,7.9,9.6,38,42,38,0.37,0.4,0.36
17030,17,39,118,145,48942,49810,51000,0.8,2.4,2.9,2,14,9,0.041,0.28,0.18
17031,17,29,151,138,35852,36102,36000,0.81,4.2,3.8,1,15,11,0.028,0.42,0.3
17032,17,1,6,1,9456,9599,9700,0.11,0.63,0.1,0,1,0,0,0.1,0
17033,17,5,5,10,15420,15772,16000,0.32,0.32,0.62,2,0,1,0.13,0,0.062
18001,18,93,59,43,37796,38188,39000,2.5,1.5,1.1,32,17,11,0.85,0.45,0.29
18002,18,13,10,10,15824,16024,16000,0.82,0.62,0.62,3,2,4,0.19,0.13,0.25
18003,18,4,7,4,11542,11706,12000,0.35,0.6,0.34,1,2,1,0.087,0.17,0.085
18004,18,98,73,44,73772,75014,76000,1.3,0.97,0.58,14,12,3,0.19,0.16,0.04
18005,18,8,13,8,11748,11877,12000,0.68,1.1,0.66,6,10,4,0.51,0.84,0.33
18006,18,33,33,13,28266,28601,29000,1.2,1.2,0.45,5,1,4,0.18,0.035,0.14
18007,18,9,14,4,18454,18697,19000,0.49,0.75,0.21,1,5,1,0.054,0.27,0.053
18008,18,95,49,45,51816,52902,54000,1.8,0.93,0.83,30,5,10,0.58,0.095,0.19
18009,18,34,21,19,35576,35983,36000,0.96,0.58,0.52,29,19,16,0.82,0.53,0.44
18010,18,30,35,30,35564,35929,36000,0.84,0.97,0.83,15,8,15,0.42,0.22,0.41
18011,18,58,47,27,24525,24900,25000,2.4,1.9,1.1,27,18,16,1.1,0.72,0.63
18012,18,38,33,17,45386,46226,47000,0.84,0.71,0.36,13,8,5,0.29,0.17,0.11
18013,18,11,6,18,7724,7770,7800,1.4,0.77,2.3,0,1,1,0,0.13,0.13
18014,18,25,16,8,23109,23296,24000,1.1,0.69,0.34,10,6,0,0.43,0.26,0
18015,18,89,80,31,97060,98452,1e+05,0.92,0.81,0.31,20,17,4,0.21,0.17,0.04
18016,18,50,52,21,41108,41492,42000,1.2,1.3,0.5,16,11,6,0.39,0.27,0.14
18017,18,1008,691,510,400847,408984,420000,2.5,1.7,1.2,208,69,25,0.52,0.17,0.06
18018,18,25,29,18,31025,31344,32000,0.81,0.93,0.57,13,3,3,0.42,0.096,0.095
18019,18,4,4,3,14167,14400,15000,0.28,0.28,0.2,3,4,3,0.21,0.28,0.2
18020,18,205,150,82,138396,144920,150000,1.5,1,0.55,10,26,9,0.072,0.18,0.06
19001,19,0,0,0,2840,0,0,0,0,0,0,0,0,0,0,0
19002,19,0,0,0,3468,0,0,0,0,0,0,0,0,0,0,0
19003,19,0,0,0,1342,0,0,0,0,0,0,0,0,0,0,0
19004,19,0,0,0,33738,0,0,0,0,0,0,0,0,0,0,0
19005,19,0,0,0,18818,0,0,0,0,0,0,0,0,0,0,0
19006,19,2169,1702,668,555570,569896,580000,3.9,3,1.1,127,136,70,0.23,0.24,0.12
19007,19,0,0,0,15767,0,0,0,0,0,0,0,0,0,0,0
19008,19,0,0,0,3914,0,0,0,0,0,0,0,0,0,0,0
19009,19,365,403,0,90712,91899,0,4,4.4,0,119,143,0,1.3,1.6,0
19010,19,0,0,0,18220,0,0,0,0,0,0,0,0,0,0,0
19011,19,0,0,0,7926,0,0,0,0,0,0,0,0,0,0,0
19012,19,0,0,0,27651,0,0,0,0,0,0,0,0,0,0,0
19013,19,0,0,0,11076,0,0,0,0,0,0,0,0,0,0,0
19014,19,0,0,0,36204,0,0,0,0,0,0,0,0,0,0,0
19015,19,0,0,0,1758,0,0,0,0,0,0,0,0,0,0,0
19016,19,0,0,0,3435,0,0,0,0,0,0,0,0,0,0,0
19017,19,29,24,0,40680,40756,0,0.71,0.59,0,4,4,0,0.098,0.098,0
19018,19,243,158,0,161703,167845,0,1.5,0.94,0,20,19,0,0.12,0.11,0
19019,19,371,214,176,126092,127310,130000,2.9,1.7,1.4,19,10,2,0.15,0.079,0.016
19020,19,0,0,0,5616,0,0,0,0,0,0,0,0,0,0,0
19021,19,1136,636,334,376865,385024,390000,3,1.7,0.85,73,65,31,0.19,0.17,0.079
19022,19,0,0,0,14689,0,0,0,0,0,0,0,0,0,0,0
19023,19,0,0,0,1263,0,0,0,0,0,0,0,0,0,0,0
19024,19,0,0,0,6050,0,0,0,0,0,0,0,0,0,0,0
19025,19,42,44,0,63174,66005,0,0.66,0.67,0,6,0,0,0.095,0,0
19026,19,6043,3028,2250,687780,689726,690000,8.8,4.4,3.2,254,92,60,0.37,0.13,0.087
19027,19,0,0,0,2085,0,0,0,0,0,0,0,0,0,0,0
19028,19,0,0,0,1653,0,0,0,0,0,0,0,0,0,0,0
19029,19,0,0,0,7075,0,0,0,0,0,0,0,0,0,0,0
19030,19,0,0,0,3600,0,0,0,0,0,0,0,0,0,0,0
19031,19,613,770,0,288722,299521,0,2.1,2.6,0,76,70,0,0.26,0.23,0
19032,19,0,0,0,5650,0,0,0,0,0,0,0,0,0,0,0
19033,19,170,89,0,81563,82272,0,2.1,1.1,0,24,8,0,0.29,0.097,0
19034,19,0,0,0,5578,0,0,0,0,0,0,0,0,0,0,0
19035,19,0,0,0,846,0,0,0,0,0,0,0,0,0,0,0
19036,19,0,0,0,7170,0,0,0,0,0,0,0,0,0,0,0
19037,19,0,0,0,5536,0,0,0,0,0,0,0,0,0,0,0
19038,19,229,115,0,61224,61739,0,3.7,1.9,0,57,17,0,0.93,0.28,0
19039,19,14342,6826,3828,1156558,1161984,1200000,12,5.9,3.3,700,551,266,0.61,0.47,0.23
19040,19,0,0,0,1074,0,0,0,0,0,0,0,0,0,0,0
19041,19,0,0,0,23598,0,0,0,0,0,0,0,0,0,0,0
19042,19,0,0,0,5286,0,0,0,0,0,0,0,0,0,0,0
19043,19,0,0,0,2679,0,0,0,0,0,0,0,0,0,0,0
19044,19,0,0,0,35784,0,0,0,0,0,0,0,0,0,0,0
19045,19,0,0,0,34179,0,0,0,0,0,0,0,0,0,0,0
19046,19,3691,1770,1103,448141,446079,450000,8.2,4,2.5,122,83,38,0.27,0.19,0.085
19047,19,0,0,0,17110,0,0,0,0,0,0,0,0,0,0,0
19048,19,1021,879,433,275723,278016,280000,3.7,3.2,1.5,49,50,34,0.18,0.18,0.12
19049,19,208,99,0,41682,41949,0,5,2.4,0,76,12,0,1.8,0.29,0
19050,19,0,0,0,2025,0,0,0,0,0,0,0,0,0,0,0
19051,19,0,0,0,4168,0,0,0,0,0,0,0,0,0,0,0
20067,20,3961,3231,3002,267883,268051,270000,15,12,11,116,66,115,0.43,0.25,0.43
20079,20,312,291,246,84979,85687,86000,3.7,3.4,2.8,8,16,13,0.094,0.19,0.15
20184,20,221,546,468,160548,161878,160000,1.4,3.4,2.9,16,59,39,0.1,0.36,0.24
20318,20,0,0,288,0,0,48000,0,0,6,0,0,20,0,0,0.42
20324,20,0,25,0,0,46178,0,0,0.54,0,0,7,0,0,0.15,0
20338,20,0,67,0,0,10014,0,0,6.7,0,0,26,0,0,2.6,0
20385,20,0,125,64,0,83428,85000,0,1.5,0.76,0,10,4,0,0.12,0.047
20390,20,0,102,0,0,48926,0,0,2.1,0,0,3,0,0,0.062,0
20551,20,0,56,15,0,21036,21000,0,2.7,0.71,0,7,2,0,0.33,0.095
21001,21,27,24,25,62760,63646,64000,0.43,0.38,0.39,1,2,3,0.016,0.031,0.047
21002,21,0,3,3,9143,9208,9300,0,0.33,0.32,0,0,1,0,0,0.11
21003,21,13,36,48,34727,34982,35000,0.37,1,1.4,1,11,6,0.029,0.31,0.17
21004,21,53,56,56,54126,54890,56000,0.98,1,1,7,3,2,0.13,0.055,0.036
21005,21,0,0,0,2948,2968,3000,0,0,0,0,0,0,0,0,0
21006,21,0,2,7,15159,15300,15000,0,0.13,0.45,0,2,2,0,0.13,0.13
21007,21,0,1,1,3454,3454,3500,0,0.29,0.29,0,0,0,0,0,0
21008,21,3,14,19,10804,10920,11000,0.28,1.3,1.7,0,1,4,0,0.092,0.36
21009,21,0,2,1,2046,2052,2100,0,0.97,0.49,0,0,0,0,0,0
21010,21,15,12,14,62741,63495,64000,0.24,0.19,0.22,5,2,4,0.08,0.031,0.062
21011,21,0,0,1,1804,1808,1800,0,0,0.55,0,0,0,0,0,0
21012,21,0,7,11,6452,6499,6500,0,1.1,1.7,0,1,0,0,0.15,0
21013,21,2,3,6,19674,19946,20000,0.1,0.15,0.3,0,0,0,0,0,0
21014,21,0,0,0,5060,5068,5100,0,0,0,0,0,0,0,0,0
21015,21,22,74,120,108010,111120,110000,0.2,0.67,1.1,3,9,6,0.028,0.081,0.053
21016,21,0,0,1,8054,8116,8200,0,0,0.12,0,0,1,0,0,0.12
21017,21,1,10,10,26419,26815,27000,0.038,0.37,0.37,0,0,2,0,0,0.074
21018,21,0,1,0,3793,3798,3800,0,0.26,0,0,1,0,0,0.26,0
21019,21,225,162,246,130440,131532,130000,1.7,1.2,1.9,18,19,14,0.14,0.14,0.11
21020,21,0,0,0,6570,6610,6700,0,0,0,0,0,0,0,0,0
21021,21,0,0,3,1247,1250,1300,0,0,2.4,0,0,1,0,0,0.8
21022,21,0,5,11,12018,12129,12000,0,0.41,0.9,0,2,4,0,0.16,0.33
21023,21,0,3,5,8615,8666,8700,0,0.35,0.57,0,0,0,0,0,0
21024,21,0,0,0,961,964,960,0,0,0,0,0,0,0,0,0
21025,21,2,1,6,8355,8410,8500,0.24,0.12,0.71,0,1,2,0,0.12,0.24
21026,21,2,6,9,14004,14074,14000,0.14,0.43,0.64,0,2,1,0,0.14,0.071
21027,21,0,2,1,4157,4144,4100,0,0.48,0.24,0,0,0,0,0,0
21028,21,0,0,1,2550,2582,2600,0,0,0.38,0,0,0,0,0,0
21029,21,1,0,0,3854,3868,3900,0.26,0,0,1,0,0,0.26,0,0
21030,21,0,0,0,779,784,790,0,0,0,0,0,0,0,0,0
21031,21,0,0,0,2978,2972,3000,0,0,0,0,0,0,0,0,0
21032,21,0,1,0,1291,1288,1300,0,0.78,0,0,1,0,0,0.78,0
21033,21,1,1,1,4939,4998,5000,0.2,0.2,0.2,0,0,0,0,0,0
21034,21,3,16,40,36252,36910,38000,0.083,0.43,1.1,0,3,3,0,0.081,0.08
21035,21,2,3,8,19920,19961,20000,0.1,0.15,0.4,0,1,1,0,0.05,0.05
21036,21,0,0,1,14618,14764,15000,0,0,0.067,0,0,1,0,0,0.067
21037,21,0,0,2,2375,2378,2400,0,0,0.84,0,0,0,0,0,0
21038,21,4,9,9,9210,9409,9600,0.43,0.96,0.94,0,0,2,0,0,0.21
21039,21,1,0,0,9502,9606,9700,0.11,0,0,0,0,0,0,0,0
21040,21,0,2,3,10094,10344,11000,0,0.19,0.28,0,1,0,0,0.097,0
21041,21,16,97,248,86717,90188,93000,0.18,1.1,2.7,4,6,5,0.046,0.067,0.054
21042,21,0,1,0,3062,3056,3000,0,0.33,0,0,1,0,0,0.33,0
21043,21,3,23,22,48416,48668,49000,0.062,0.47,0.45,0,3,8,0,0.062,0.16
21044,21,1,6,6,15807,15946,16000,0.063,0.38,0.37,0,2,0,0,0.13,0
21045,21,102,101,66,45285,45777,46000,2.3,2.2,1.4,5,4,1,0.11,0.087,0.022
21046,21,1,3,9,7266,7364,7500,0.14,0.41,1.2,0,0,2,0,0,0.27
21047,21,0,6,12,19440,19534,20000,0,0.31,0.61,0,1,1,0,0.051,0.051
21048,21,0,3,8,19446,19694,20000,0,0.15,0.4,0,1,1,0,0.051,0.05
21049,21,1,1,4,16354,16562,17000,0.061,0.06,0.24,1,1,2,0.061,0.06,0.12
21050,21,0,1,1,24508,24592,25000,0,0.041,0.04,0,1,0,0,0.041,0
21051,21,5,17,22,34712,34902,35000,0.14,0.49,0.63,0,5,7,0,0.14,0.2
21052,21,0,0,0,1254,1261,1300,0,0,0,0,0,0,0,0,0
21053,21,49,69,34,60285,61167,62000,0.81,1.1,0.55,4,13,5,0.066,0.21,0.081
21054,21,3,10,11,31580,32113,33000,0.095,0.31,0.34,2,1,2,0.063,0.031,0.061
21055,21,1,4,3,4796,4813,4800,0.21,0.83,0.62,1,0,2,0.21,0,0.41
21056,21,0,0,1,1257,1259,1300,0,0,0.79,0,0,1,0,0,0.79
21057,21,3,3,6,7736,7828,7900,0.39,0.38,0.76,0,1,0,0,0.13,0
21058,21,0,0,8,19638,19713,20000,0,0,0.4,0,0,0,0,0,0
21059,21,2,1,4,2545,2568,2600,0.79,0.39,1.5,0,1,2,0,0.39,0.77
21060,21,3,4,12,7364,7543,7700,0.41,0.53,1.6,0,0,1,0,0,0.13
21061,21,0,2,5,12927,13049,13000,0,0.15,0.38,0,1,2,0,0.077,0.15
21062,21,1,2,2,4744,4790,4800,0.21,0.42,0.41,1,0,2,0.21,0,0.41
21063,21,20,38,21,14080,14160,14000,1.4,2.7,1.5,2,5,4,0.14,0.35,0.28
21064,21,3,5,11,16592,16661,17000,0.18,0.3,0.66,2,2,3,0.12,0.12,0.18
21065,21,2,5,5,19636,19832,20000,0.1,0.25,0.25,0,1,0,0,0.05,0
21066,21,1,3,1,6368,6373,6400,0.16,0.47,0.16,0,3,0,0,0.47,0
21067,21,0,11,6,17090,17280,17000,0,0.64,0.34,0,3,1,0,0.17,0.057
21068,21,0,0,1,7842,7870,7900,0,0,0.13,0,0,0,0,0,0
21069,21,1,12,14,25794,25863,26000,0.039,0.46,0.54,0,5,4,0,0.19,0.15
21070,21,0,1,1,6776,6804,6800,0,0.15,0.15,0,0,0,0,0,0
21071,21,260,171,156,100910,102016,1e+05,2.6,1.7,1.5,10,17,9,0.099,0.17,0.087
21072,21,1,3,2,15873,15876,16000,0.063,0.19,0.13,0,1,0,0,0.063,0
21073,21,1,2,2,8898,8960,9000,0.11,0.22,0.22,1,1,1,0.11,0.11,0.11
21074,21,131,133,140,65269,65888,67000,2,2,2.1,11,12,9,0.17,0.18,0.14
21075,21,0,1,3,12210,12314,12000,0,0.081,0.24,0,1,1,0,0.081,0.08
21076,21,2,17,12,27228,27361,28000,0.073,0.62,0.44,1,1,1,0.037,0.037,0.036
21077,21,0,0,0,6065,6222,6300,0,0,0,0,0,0,0,0,0
21078,21,7,4,2,14560,14756,15000,0.48,0.27,0.13,1,0,1,0.069,0,0.067
21079,21,2,1,2,5472,5529,5600,0.37,0.18,0.36,2,1,0,0.37,0.18,0
21080,21,0,0,0,2832,2825,2800,0,0,0,0,0,0,0,0,0
21081,21,1,0,1,3767,3778,3800,0.27,0,0.26,1,0,1,0.27,0,0.26
21082,21,3,0,1,8350,8438,8500,0.36,0,0.12,0,0,0,0,0,0
21083,21,1,0,3,25674,25699,26000,0.039,0,0.12,1,0,1,0.039,0,0.039
21084,21,0,0,1,6901,6913,6900,0,0,0.14,0,0,0,0,0,0
21085,21,81,121,112,74791,75406,76000,1.1,1.6,1.5,16,23,15,0.21,0.31,0.2
21086,21,3,0,5,12854,12942,13000,0.23,0,0.38,3,0,2,0.23,0,0.15
21087,21,4,2,2,13032,13138,13000,0.31,0.15,0.15,0,1,1,0,0.076,0.076
21088,21,1,1,0,4653,4656,4700,0.21,0.21,0,0,0,0,0,0,0
21089,21,0,1,5,13246,13298,13000,0,0.075,0.37,0,0,1,0,0,0.075
21090,21,1,11,19,19744,20244,21000,0.051,0.54,0.92,1,1,2,0.051,0.049,0.097
21091,21,0,7,18,10552,10662,11000,0,0.66,1.7,0,0,0,0,0,0
21092,21,0,0,0,5341,5370,5400,0,0,0,0,0,0,0,0,0
21093,21,0,2,3,7864,7868,7900,0,0.25,0.38,0,2,0,0,0.25,0
21094,21,6,40,35,32708,33117,34000,0.18,1.2,1,0,6,1,0,0.18,0.03
21095,21,0,1,0,506,514,520,0,1.9,0,0,0,0,0,0,0
21096,21,1,2,1,2717,2746,2800,0.37,0.73,0.36,0,0,0,0,0,0
21097,21,1,2,0,2265,2280,2300,0.44,0.88,0,0,0,0,0,0,0
21098,21,6,3,3,6426,6491,6500,0.93,0.46,0.46,0,2,0,0,0.31,0
21099,21,2,7,18,19442,19578,20000,0.1,0.36,0.91,0,2,3,0,0.1,0.15
21100,21,2,2,1,9859,9882,9900,0.2,0.2,0.1,1,2,1,0.1,0.2,0.1
21101,21,1,2,2,3683,3712,3700,0.27,0.54,0.54,0,0,0,0,0,0
21102,21,0,4,1,12518,12718,13000,0,0.31,0.078,0,0,0,0,0,0
21103,21,4,3,9,6208,6276,6300,0.64,0.48,1.4,2,1,2,0.32,0.16,0.32
21104,21,2,7,14,28359,28754,29000,0.071,0.24,0.48,1,0,1,0.035,0,0.034
21105,21,1,2,2,4956,4988,5000,0.2,0.4,0.4,0,0,0,0,0,0
21106,21,0,13,14,27216,27844,28000,0,0.47,0.49,0,0,4,0,0,0.14
21107,21,0,1,2,11643,11616,12000,0,0.086,0.17,0,0,0,0,0,0
21108,21,12,21,28,17345,17636,18000,0.69,1.2,1.6,1,0,0,0.058,0,0
21109,21,2,5,6,21438,21726,22000,0.093,0.23,0.27,2,3,3,0.093,0.14,0.14
21110,21,43,26,32,44304,44786,45000,0.97,0.58,0.71,5,4,2,0.11,0.089,0.044
21111,21,3,8,10,18765,18852,19000,0.16,0.42,0.53,2,4,2,0.11,0.21,0.11
21112,21,0,7,4,9523,9548,9600,0,0.73,0.42,0,1,2,0,0.1,0.21
21113,21,0,6,2,4748,4800,4800,0,1.2,0.41,0,5,0,0,1,0
21114,21,9061,14441,10970,1583012,1597825,1600000,5.7,9,6.8,141,125,67,0.089,0.078,0.042
21115,21,33,34,42,48955,49545,50000,0.67,0.69,0.84,2,7,4,0.041,0.14,0.08
21116,21,0,3,2,21801,21955,22000,0,0.14,0.09,0,2,0,0,0.091,0
21117,21,5,10,14,14538,14706,15000,0.34,0.68,0.94,0,0,1,0,0,0.067
21118,21,3,21,7,26218,26415,27000,0.11,0.8,0.26,0,0,0,0,0,0
21119,21,357,777,703,107294,110340,110000,3.3,7,6.2,23,8,13,0.21,0.073,0.12
21120,21,2,1,0,5334,5424,5500,0.37,0.18,0,1,0,0,0.19,0,0
21121,21,0,0,0,1124,1119,1100,0,0,0,0,0,0,0,0,0
21122,21,1,3,7,9786,9919,10000,0.1,0.3,0.7,0,2,1,0,0.2,0.1
21123,21,0,1,2,4141,4135,4100,0,0.24,0.49,0,1,1,0,0.24,0.24
21124,21,2,1,7,14978,15177,15000,0.13,0.066,0.46,0,0,1,0,0,0.065
21125,21,0,4,13,8594,8785,8900,0,0.46,1.5,0,0,1,0,0,0.11
21126,21,0,1,3,6052,6146,6200,0,0.16,0.48,0,0,0,0,0,0
21127,21,1,3,3,3819,3816,3800,0.26,0.79,0.79,1,2,1,0.26,0.52,0.26
21128,21,0,7,11,8358,8451,8500,0,0.83,1.3,0,0,1,0,0,0.12
21129,21,2,3,2,13117,13256,13000,0.15,0.23,0.15,0,0,1,0,0,0.075
21130,21,1,0,3,3498,3518,3500,0.29,0,0.85,0,0,0,0,0,0
21131,21,0,1,0,901,912,920,0,1.1,0,0,0,0,0,0,0
21132,21,343,461,483,146118,147968,150000,2.3,3.1,3.2,9,5,10,0.062,0.034,0.067
21133,21,0,0,0,641,638,630,0,0,0,0,0,0,0,0,0
21134,21,0,13,7,20190,20528,21000,0,0.63,0.34,0,5,1,0,0.24,0.048
21135,21,0,0,0,595,594,590,0,0,0,0,0,0,0,0,0
21136,21,0,11,11,11994,12128,12000,0,0.91,0.9,0,1,0,0,0.082,0
21137,21,1,1,2,9524,9644,9800,0.1,0.1,0.2,0,1,0,0,0.1,0
21138,21,0,1,2,11151,11276,11000,0,0.089,0.18,0,0,1,0,0,0.088
21139,21,1,2,4,3672,3714,3800,0.27,0.54,1.1,1,0,1,0.27,0,0.27
21140,21,265,270,586,124247,125612,130000,2.1,2.1,4.6,24,17,5,0.19,0.14,0.039
21141,21,0,1,0,3493,3520,3500,0,0.28,0,0,1,0,0,0.28,0
21142,21,3,19,23,28559,28895,29000,0.11,0.66,0.79,0,3,2,0,0.1,0.068
21143,21,2,7,10,29984,30620,31000,0.067,0.23,0.32,2,2,2,0.067,0.065,0.064
21144,21,2,14,22,14085,14288,14000,0.14,0.98,1.5,0,0,0,0,0,0
21145,21,0,0,1,13815,13880,14000,0,0,0.072,0,0,1,0,0,0.072
21146,21,0,0,0,896,900,900,0,0,0,0,0,0,0,0,0
21147,21,0,1,2,6066,6094,6100,0,0.16,0.33,0,1,0,0,0.16,0
21148,21,0,10,2,7971,7937,7900,0,1.3,0.25,0,1,1,0,0.13,0.13
21149,21,2,4,12,23154,23642,24000,0.086,0.17,0.5,1,0,3,0.043,0,0.12
21150,21,0,4,0,7288,7367,7400,0,0.54,0,0,1,0,0,0.14,0
21151,21,2,2,6,8256,8344,8400,0.24,0.24,0.71,0,0,1,0,0,0.12
21152,21,2,0,3,12011,12094,12000,0.17,0,0.25,0,0,1,0,0,0.082
21153,21,5,15,14,21066,21359,22000,0.24,0.7,0.65,3,2,5,0.14,0.094,0.23
21154,21,111,165,114,74416,75518,77000,1.5,2.2,1.5,8,35,10,0.11,0.46,0.13
21155,21,3,2,2,5644,5726,5800,0.53,0.35,0.34,1,2,0,0.18,0.35,0
21156,21,773,809,701,283290,286308,290000,2.7,2.8,2.4,80,106,23,0.28,0.37,0.079
21157,21,6,13,8,11712,11833,12000,0.51,1.1,0.67,0,5,0,0,0.42,0
21158,21,2,3,2,6876,6896,6900,0.29,0.44,0.29,0,3,1,0,0.44,0.14
21159,21,0,0,1,4037,4030,4000,0,0,0.25,0,0,0,0,0,0
21160,21,0,0,0,3210,3234,3300,0,0,0,0,0,0,0,0,0
21161,21,2,5,11,19739,20030,20000,0.1,0.25,0.54,1,0,0,0.051,0,0
21162,21,0,0,1,4337,4364,4400,0,0,0.23,0,0,0,0,0,0
21163,21,1,6,19,16820,17014,17000,0.059,0.35,1.1,0,1,0,0,0.059,0
21164,21,228,210,218,77663,78760,80000,2.9,2.7,2.7,15,9,9,0.19,0.11,0.11
21165,21,0,0,1,1144,1141,1100,0,0,0.88,0,0,1,0,0,0.88
21166,21,2,6,3,8334,8428,8500,0.24,0.71,0.35,0,3,0,0,0.36,0
21167,21,0,2,4,10509,10596,11000,0,0.19,0.37,0,2,2,0,0.19,0.19
21168,21,13,4,4,6753,6804,6900,1.9,0.59,0.58,13,1,2,1.9,0.15,0.29
21169,21,1,4,6,21060,21226,21000,0.047,0.19,0.28,0,1,2,0,0.047,0.094
21170,21,0,3,5,16747,16829,17000,0,0.18,0.3,0,1,0,0,0.059,0
21171,21,0,0,1,3526,3586,3600,0,0,0.28,0,0,1,0,0,0.28
21172,21,0,4,4,26538,26763,27000,0,0.15,0.15,0,4,0,0,0.15,0
21173,21,0,4,5,5840,5885,5900,0,0.68,0.84,0,0,0,0,0,0
21174,21,165,163,105,94782,95607,96000,1.7,1.7,1.1,3,5,7,0.032,0.052,0.073
21175,21,0,1,8,10004,10050,10000,0,0.1,0.79,0,1,4,0,0.1,0.4
21176,21,2,2,7,8576,8616,8700,0.23,0.23,0.81,1,0,3,0.12,0,0.35
21177,21,14,12,24,49768,50250,51000,0.28,0.24,0.47,0,8,3,0,0.16,0.059
21178,21,1,4,4,17372,17407,17000,0.058,0.23,0.23,0,4,1,0,0.23,0.057
21179,21,7,10,13,29400,29676,30000,0.24,0.34,0.43,0,1,1,0,0.034,0.033
21180,21,8,9,11,37707,38118,39000,0.21,0.24,0.29,2,1,1,0.053,0.026,0.026
21181,21,1,6,3,6490,6562,6600,0.15,0.91,0.45,1,1,1,0.15,0.15,0.15
21182,21,1,0,3,4960,5001,5000,0.2,0,0.59,0,0,0,0,0,0
21183,21,7,4,5,20252,20368,21000,0.35,0.2,0.24,3,4,2,0.15,0.2,0.098
21184,21,0,2,1,6591,6654,6700,0,0.3,0.15,0,2,0,0,0.3,0
21185,21,1,2,3,8654,8734,8800,0.12,0.23,0.34,0,0,0,0,0,0
21186,21,3,19,16,53268,53892,54000,0.056,0.35,0.29,0,0,2,0,0,0.037
21187,21,1,1,1,5515,5532,5500,0.18,0.18,0.18,0,1,0,0,0.18,0
21188,21,2,3,5,17814,18110,18000,0.11,0.17,0.27,0,1,0,0,0.055,0
21189,21,2,9,6,20372,20606,21000,0.098,0.44,0.29,0,2,1,0,0.097,0.048
21190,21,0,1,0,1184,1192,1200,0,0.84,0,0,1,0,0,0.84,0
21191,21,1,7,7,9531,9636,9700,0.1,0.73,0.72,1,4,2,0.1,0.42,0.21
21192,21,0,0,0,6118,6162,6200,0,0,0,0,0,0,0,0,0
21193,21,0,1,0,6429,6496,6600,0,0.15,0,0,1,0,0,0.15,0
21194,21,14,42,37,28740,29011,29000,0.49,1.4,1.3,2,6,6,0.07,0.21,0.2
21195,21,1,6,3,25395,25848,26000,0.039,0.23,0.11,0,3,2,0,0.12,0.076
21196,21,1,0,0,1737,1770,1800,0.58,0,0,0,0,0,0,0,0
21197,21,20,53,87,77764,78439,79000,0.26,0.68,1.1,7,3,9,0.09,0.038,0.11
21198,21,0,0,0,1262,1267,1300,0,0,0,0,0,0,0,0,0
21199,21,1,12,10,39145,39571,40000,0.026,0.3,0.25,0,2,1,0,0.051,0.025
21200,21,1,1,0,3964,3971,4000,0.25,0.25,0,0,0,0,0,0,0
21201,21,0,0,1,3278,3308,3300,0,0,0.3,0,0,1,0,0,0.3
21202,21,1,2,4,12522,12598,13000,0.08,0.16,0.32,0,1,2,0,0.079,0.16
21203,21,1,1,0,6268,6341,6400,0.16,0.16,0,0,0,0,0,0,0
21204,21,1,0,2,7752,7829,7900,0.13,0,0.25,0,0,0,0,0,0
21205,21,1,6,10,23798,24082,24000,0.042,0.25,0.41,0,2,1,0,0.083,0.041
21206,21,0,0,0,4362,4406,4400,0,0,0,0,0,0,0,0,0
21207,21,37,21,18,54724,55190,56000,0.68,0.38,0.32,5,3,3,0.091,0.054,0.054
21208,21,120,50,116,78938,79979,81000,1.5,0.63,1.4,27,9,8,0.34,0.11,0.099
21209,21,0,3,6,8462,8549,8600,0,0.35,0.69,0,1,1,0,0.12,0.12
21210,21,0,0,0,5772,5832,5900,0,0,0,0,0,0,0,0,0
21211,21,4,5,14,15982,16175,16000,0.25,0.31,0.86,0,0,2,0,0,0.12
21212,21,3,4,4,19862,19972,20000,0.15,0.2,0.2,0,0,0,0,0,0
21213,21,0,4,7,12796,12856,13000,0,0.31,0.54,0,3,3,0,0.23,0.23
21214,21,1,3,9,16226,16422,17000,0.062,0.18,0.54,0,2,1,0,0.12,0.06
21215,21,0,0,0,4738,4790,4800,0,0,0,0,0,0,0,0,0
21216,21,0,0,0,2677,2684,2700,0,0,0,0,0,0,0,0,0
21217,21,2,2,2,21029,21166,21000,0.095,0.094,0.094,1,1,1,0.048,0.047,0.047
22001,22,46,59,31,63688,64301,65000,0.72,0.92,0.48,6,6,8,0.094,0.093,0.12
22002,22,4,3,3,27493,27616,28000,0.15,0.11,0.11,2,1,1,0.073,0.036,0.036
22003,22,2,0,1,13054,13083,13000,0.15,0,0.076,1,0,0,0.077,0,0
22004,22,31,29,35,66008,66794,68000,0.47,0.43,0.52,2,1,2,0.03,0.015,0.03
22005,22,31,40,20,59897,60644,61000,0.52,0.66,0.33,2,1,5,0.033,0.016,0.081
22006,22,193,255,256,153852,159103,160000,1.3,1.6,1.6,5,6,5,0.032,0.038,0.031
22007,22,52,54,37,39095,39524,40000,1.3,1.4,0.93,1,0,1,0.026,0,0.025
22008,22,15,22,13,36417,36780,37000,0.41,0.6,0.35,2,3,0,0.055,0.082,0
22009,22,12,7,17,26574,27024,27000,0.45,0.26,0.62,3,2,1,0.11,0.074,0.036
22010,22,5,9,5,20247,20342,20000,0.25,0.44,0.24,0,1,0,0,0.049,0
22011,22,128,210,244,126895,132020,140000,1,1.6,1.8,7,13,9,0.055,0.098,0.066
22012,22,81,72,69,66091,67033,68000,1.2,1.1,1,0,10,5,0,0.15,0.074
22013,22,3,1,1,18792,18912,19000,0.16,0.053,0.052,0,0,0,0,0,0
22014,22,2757,3113,3255,825488,835945,850000,3.3,3.7,3.8,44,47,58,0.053,0.056,0.068
22015,22,1,2,3,9158,9292,9400,0.11,0.22,0.32,0,0,0,0,0,0
22016,22,483,632,491,251345,255718,260000,1.9,2.5,1.9,20,14,14,0.08,0.055,0.054
22017,22,70,58,49,65831,66908,68000,1.1,0.87,0.72,3,3,2,0.046,0.045,0.029
22018,22,2,6,7,27029,27306,28000,0.074,0.22,0.25,0,2,0,0,0.073,0
23001,23,118,121,92,83742,85729,88000,1.4,1.4,1,3,3,6,0.036,0.035,0.068
23002,23,41,73,63,79508,81627,84000,0.52,0.89,0.75,6,21,24,0.075,0.26,0.29
23003,23,29,19,8,17454,18064,19000,1.7,1.1,0.43,2,7,4,0.11,0.39,0.21
23004,23,357,540,503,219772,225351,230000,1.6,2.4,2.2,29,30,41,0.13,0.13,0.18
23005,23,2034,1191,1199,705854,727528,750000,2.9,1.6,1.6,184,155,106,0.26,0.21,0.14
23006,23,23,18,24,38048,38918,40000,0.6,0.46,0.6,2,3,5,0.053,0.077,0.13
23007,23,8,6,4,26804,27480,28000,0.3,0.22,0.14,1,2,1,0.037,0.073,0.035
23008,23,539,489,353,176742,185664,190000,3,2.6,1.8,25,18,13,0.14,0.097,0.067
23009,23,105,35,52,30582,31731,33000,3.4,1.1,1.6,8,3,6,0.26,0.095,0.18
23010,23,29,87,111,39230,40445,42000,0.74,2.2,2.7,3,8,8,0.076,0.2,0.19
24001,24,12,2,4,19164,19221,19000,0.63,0.1,0.21,1,1,0,0.052,0.052,0
24002,24,2,0,0,8347,8360,8400,0.24,0,0,0,0,0,0,0,0
24003,24,12,0,2,48179,48233,48000,0.25,0,0.041,0,0,0,0,0,0
24004,24,1,0,1,4481,4467,4500,0.22,0,0.22,0,0,0,0,0,0
24005,24,21,2,0,19436,19488,20000,1.1,0.1,0,4,0,0,0.21,0,0
24006,24,0,0,0,9906,9922,10000,0,0,0,0,0,0,0,0,0
24007,24,4,1,0,19063,19131,19000,0.21,0.052,0,0,0,0,0,0,0
24008,24,9,0,0,21822,21857,22000,0.41,0,0,3,0,0,0.14,0,0
24009,24,0,0,1,4254,4289,4400,0,0,0.23,0,0,1,0,0,0.23
24010,24,12,8,0,31926,31973,32000,0.38,0.25,0,7,3,0,0.22,0.094,0
24011,24,23,2,0,44716,44844,45000,0.51,0.045,0,3,0,0,0.067,0,0
24012,24,17,4,1,21333,21353,21000,0.8,0.19,0.047,8,1,0,0.38,0.047,0
24013,24,229,54,7,172666,173300,170000,1.3,0.31,0.04,41,7,2,0.24,0.04,0.011
24014,24,3,0,2,17173,17139,17000,0.17,0,0.12,0,0,1,0,0,0.058
24015,24,8,2,0,21612,21659,22000,0.37,0.092,0,1,1,0,0.046,0.046,0
24016,24,39,2,5,42820,42978,43000,0.91,0.047,0.12,13,0,1,0.3,0,0.023
24017,24,26,4,8,26410,26432,27000,0.98,0.15,0.3,1,1,0,0.038,0.038,0
24018,24,9,1,1,15596,15621,16000,0.58,0.064,0.064,2,0,0,0.13,0,0
24019,24,0,1,0,5854,5856,5900,0,0.17,0,0,0,0,0,0,0
24020,24,92,28,0,94850,95291,96000,0.97,0.29,0,17,1,0,0.18,0.01,0
24021,24,7,7,5,55424,55682,56000,0.13,0.13,0.089,0,0,2,0,0,0.035
24022,24,4,1,1,19807,19853,20000,0.2,0.05,0.05,2,0,0,0.1,0,0
24023,24,7,2,0,16118,16158,16000,0.43,0.12,0,0,1,0,0,0.062,0
24024,24,165,15,0,94558,94863,96000,1.7,0.16,0,15,3,0,0.16,0.032,0
24025,24,23,1,2,31284,31421,32000,0.74,0.032,0.063,1,0,0,0.032,0,0
24026,24,2,1,0,9524,9529,9600,0.21,0.1,0,0,1,0,0,0.1,0
24027,24,14,0,3,10336,10343,10000,1.4,0,0.29,5,0,0,0.48,0,0
24028,24,4748,1085,409,795659,798606,810000,6,1.4,0.51,254,35,46,0.32,0.044,0.057
24029,24,6,1,4,21496,21436,21000,0.28,0.047,0.19,0,1,3,0,0.047,0.14
24030,24,0,1,3,5515,5501,5500,0,0.18,0.55,0,0,1,0,0,0.18
24031,24,0,1,1,12108,12136,12000,0,0.082,0.082,0,1,1,0,0.082,0.082
24032,24,20,4,3,41570,41723,42000,0.48,0.096,0.071,2,0,1,0.048,0,0.024
24033,24,4,0,1,12321,12350,12000,0.32,0,0.08,2,0,1,0.16,0,0.08
24034,24,5,1,4,15506,15578,16000,0.32,0.064,0.25,1,0,1,0.064,0,0.063
24035,24,80,51,63,281868,283987,290000,0.28,0.18,0.22,1,2,16,0.0035,0.007,0.055
24036,24,12,4,24,29586,29661,30000,0.41,0.13,0.8,7,0,4,0.24,0,0.13
24037,24,10,23,24,98558,98710,99000,0.1,0.23,0.24,1,2,3,0.01,0.02,0.03
24038,24,0,0,1,16004,16007,16000,0,0,0.062,0,0,1,0,0,0.062
24039,24,2,1,1,14532,14551,15000,0.14,0.069,0.068,2,0,1,0.14,0,0.068
24040,24,41,5,6,39054,39180,40000,1,0.13,0.15,2,1,1,0.051,0.026,0.025
24041,24,2,2,1,19529,19538,20000,0.1,0.1,0.051,1,0,1,0.051,0,0.051
24042,24,6,1,4,14762,14808,15000,0.41,0.068,0.27,2,0,1,0.14,0,0.067
24043,24,4,1,3,9130,9129,9100,0.44,0.11,0.33,0,0,2,0,0,0.22
24044,24,0,1,1,8160,8192,8300,0,0.12,0.12,0,0,1,0,0,0.12
24045,24,5,1,1,14726,14744,15000,0.34,0.068,0.068,1,1,1,0.068,0.068,0.068
24046,24,7,1,5,16772,16826,17000,0.42,0.059,0.29,0,0,2,0,0,0.12
24047,24,1,0,1,9979,9994,10000,0.1,0,0.1,0,0,1,0,0,0.1
24048,24,0,0,1,5504,5519,5600,0,0,0.18,0,0,1,0,0,0.18
24049,24,14,0,20,39136,39277,40000,0.36,0,0.5,3,0,2,0.077,0,0.05
24050,24,1,1,4,48594,48817,49000,0.021,0.02,0.081,0,0,1,0,0,0.02
24051,24,2,2,1,15224,15258,15000,0.13,0.13,0.065,0,1,0,0,0.066,0
24052,24,1,1,2,10372,10382,10000,0.096,0.096,0.19,1,1,1,0.096,0.096,0.096
24053,24,2,3,3,33726,33753,34000,0.059,0.089,0.089,0,0,0,0,0,0
24054,24,27,4,0,52139,52158,52000,0.52,0.077,0,2,2,0,0.038,0.038,0
24055,24,3,1,1,25443,25550,26000,0.12,0.039,0.039,1,0,0,0.039,0,0
24056,24,11,1,3,16048,16110,16000,0.69,0.062,0.18,6,0,1,0.37,0,0.061
24057,24,1,1,1,30648,30658,31000,0.033,0.033,0.033,0,1,0,0,0.033,0
24058,24,0,4,0,21227,21314,22000,0,0.19,0,0,0,0,0,0,0
25001,25,1217,1132,998,436162,440849,450000,2.8,2.6,2.2,141,125,169,0.32,0.28,0.38
25002,25,146,197,135,46834,47192,48000,3.1,4.2,2.8,42,34,15,0.9,0.72,0.32
25003,25,65,82,39,30697,30400,30000,2.1,2.7,1.3,56,70,27,1.8,2.3,0.89
25004,25,46,58,53,29644,29847,30000,1.6,1.9,1.8,11,17,19,0.37,0.57,0.63
25005,25,22,19,12,17074,16905,17000,1.3,1.1,0.71,13,16,6,0.76,0.95,0.36
25006,25,7657,6622,5512,902386,913231,920000,8.5,7.3,6,649,549,479,0.72,0.6,0.52
25007,25,46,51,44,34103,34240,34000,1.3,1.5,1.3,44,46,35,1.3,1.3,1
25008,25,44,60,67,43820,43305,43000,1,1.4,1.6,9,16,9,0.21,0.37,0.21
25009,25,52,57,67,56726,57332,58000,0.92,0.99,1.2,14,8,10,0.25,0.14,0.17
25010,25,234,278,219,101446,102166,1e+05,2.3,2.7,2.1,70,128,78,0.69,1.3,0.76
25011,25,498,532,532,298312,300866,3e+05,1.7,1.8,1.8,87,66,71,0.29,0.22,0.23
25012,25,2254,1644,1576,460935,466636,470000,4.9,3.5,3.3,307,104,91,0.67,0.22,0.19
25013,25,187,139,167,47440,47631,48000,3.9,2.9,3.5,85,40,41,1.8,0.84,0.86
25014,25,86,101,75,51186,51481,52000,1.7,2,1.4,25,28,24,0.49,0.54,0.46
25015,25,381,247,228,82194,82741,83000,4.6,3,2.7,96,47,20,1.2,0.57,0.24
25016,25,77,60,39,23080,22962,23000,3.3,2.6,1.7,24,20,14,1,0.87,0.61
25017,25,88,95,94,91491,91914,92000,0.96,1,1,57,67,45,0.62,0.73,0.49
25018,25,863,433,384,139663,139895,140000,6.2,3.1,2.7,177,83,55,1.3,0.59,0.39
26001,26,0,0,0,2732,0,0,0,0,0,0,0,0,0,0,0
26002,26,240,236,109,83018,84382,85000,2.9,2.8,1.3,22,18,11,0.27,0.21,0.13
26003,26,0,0,0,26690,0,0,0,0,0,0,0,0,0,0,0
26004,26,0,0,0,9384,0,0,0,0,0,0,0,0,0,0,0
26005,26,0,0,0,1270,0,0,0,0,0,0,0,0,0,0,0
26006,26,0,0,0,3118,0,0,0,0,0,0,0,0,0,0,0
26007,26,0,0,0,617,0,0,0,0,0,0,0,0,0,0,0
26008,26,0,0,0,1269,0,0,0,0,0,0,0,0,0,0,0
26009,26,0,0,0,802,0,0,0,0,0,0,0,0,0,0,0
26010,26,0,0,0,1530,0,0,0,0,0,0,0,0,0,0,0
26011,26,0,0,0,1728,0,0,0,0,0,0,0,0,0,0,0
26012,26,0,0,0,23780,0,0,0,0,0,0,0,0,0,0,0
26013,26,0,0,0,1715,0,0,0,0,0,0,0,0,0,0,0
26014,26,0,0,0,3652,0,0,0,0,0,0,0,0,0,0,0
26015,26,0,0,0,1514,0,0,0,0,0,0,0,0,0,0,0
26016,26,0,0,0,5380,0,0,0,0,0,0,0,0,0,0,0
26017,26,162,177,135,85858,87492,88000,1.9,2,1.5,28,25,21,0.33,0.29,0.24
26018,26,1568,1392,816,427482,433306,440000,3.7,3.2,1.9,81,99,97,0.19,0.23,0.22
26019,26,0,0,0,33854,0,0,0,0,0,0,0,0,0,0,0
26020,26,0,0,0,5630,0,0,0,0,0,0,0,0,0,0,0
26021,26,0,0,0,1678,0,0,0,0,0,0,0,0,0,0,0
26022,26,0,0,0,1015,0,0,0,0,0,0,0,0,0,0,0
26023,26,0,0,0,6629,0,0,0,0,0,0,0,0,0,0,0
26024,26,0,0,0,868,0,0,0,0,0,0,0,0,0,0,0
26025,26,159,0,0,56186,56782,0,2.8,0,0,4,0,0,0.071,0,0
26026,26,60,0,0,63167,63916,0,0.95,0,0,2,0,0,0.032,0,0
26027,26,0,0,0,9100,0,0,0,0,0,0,0,0,0,0,0
26028,26,0,0,0,1216,0,0,0,0,0,0,0,0,0,0,0
26029,26,274,299,193,156449,158820,160000,1.8,1.9,1.2,7,18,15,0.045,0.11,0.094
26030,26,3734,3853,2307,823852,837392,850000,4.5,4.6,2.7,68,84,62,0.083,0.1,0.073
26031,26,0,0,0,1402,0,0,0,0,0,0,0,0,0,0,0
26032,26,0,0,0,997,0,0,0,0,0,0,0,0,0,0,0
26033,26,255,191,88,82162,82960,83000,3.1,2.3,1.1,13,9,6,0.16,0.11,0.072
26034,26,0,0,0,1200,0,0,0,0,0,0,0,0,0,0,0
26035,26,0,0,0,13002,0,0,0,0,0,0,0,0,0,0,0
26036,26,0,0,0,31384,0,0,0,0,0,0,0,0,0,0,0
26038,26,0,0,0,4869,0,0,0,0,0,0,0,0,0,0,0
26039,26,0,0,0,6626,0,0,0,0,0,0,0,0,0,0,0
26040,26,0,0,0,2158,0,0,0,0,0,0,0,0,0,0,0
26041,26,0,0,0,13242,0,0,0,0,0,0,0,0,0,0,0
26042,26,455,416,231,164462,166602,170000,2.8,2.5,1.4,18,20,6,0.11,0.12,0.036
26043,26,971,812,448,231456,235352,240000,4.2,3.5,1.9,81,63,24,0.35,0.27,0.1
26044,26,0,0,0,408,0,0,0,0,0,0,0,0,0,0,0
26045,26,0,0,0,2987,0,0,0,0,0,0,0,0,0,0,0
26046,26,0,0,0,463,0,0,0,0,0,0,0,0,0,0,0
26047,26,0,0,0,9777,0,0,0,0,0,0,0,0,0,0,0
26048,26,238,219,71,61698,63436,64000,3.9,3.5,1.1,15,20,1,0.24,0.32,0.016
26049,26,0,0,0,3471,0,0,0,0,0,0,0,0,0,0,0
26050,26,0,0,0,1636,0,0,0,0,0,0,0,0,0,0,0
26051,26,0,0,0,5348,0,0,0,0,0,0,0,0,0,0,0
26052,26,0,0,0,6192,0,0,0,0,0,0,0,0,0,0,0
26053,26,0,0,0,428,0,0,0,0,0,0,0,0,0,0,0
26054,26,0,0,0,575,0,0,0,0,0,0,0,0,0,0,0
26055,26,567,631,316,187263,190326,190000,3,3.3,1.6,7,9,17,0.037,0.047,0.089
26056,26,0,0,0,9168,0,0,0,0,0,0,0,0,0,0,0
26057,26,0,0,0,1683,0,0,0,0,0,0,0,0,0,0,0
26058,26,0,0,0,16698,0,0,0,0,0,0,0,0,0,0,0
26059,26,0,0,0,2084,0,0,0,0,0,0,0,0,0,0,0
26060,26,0,0,0,2784,0,0,0,0,0,0,0,0,0,0,0
26061,26,0,0,0,1325,0,0,0,0,0,0,0,0,0,0,0
26062,26,0,0,0,1144,0,0,0,0,0,0,0,0,0,0,0
26063,26,0,0,0,1436,0,0,0,0,0,0,0,0,0,0,0
26064,26,0,0,0,1774,0,0,0,0,0,0,0,0,0,0,0
26065,26,0,0,0,1762,0,0,0,0,0,0,0,0,0,0,0
26066,26,0,0,0,9552,0,0,0,0,0,0,0,0,0,0,0
26067,26,0,0,0,1814,0,0,0,0,0,0,0,0,0,0,0
26068,26,0,0,0,1258,0,0,0,0,0,0,0,0,0,0,0
26069,26,0,0,0,6154,0,0,0,0,0,0,0,0,0,0,0
26070,26,0,0,0,16723,0,0,0,0,0,0,0,0,0,0,0
26071,26,0,0,0,22839,0,0,0,0,0,0,0,0,0,0,0
26072,26,0,0,0,14633,0,0,0,0,0,0,0,0,0,0,0
27001,27,195,162,78,57424,57679,58000,3.4,2.8,1.3,1,4,7,0.017,0.069,0.12
27002,27,1450,1293,1041,254592,257331,260000,5.7,5,4,18,10,7,0.071,0.039,0.027
27003,27,256,261,224,103840,104597,110000,2.5,2.5,2.1,2,2,3,0.019,0.019,0.028
27004,27,6400,5553,5400,661290,670640,680000,9.7,8.3,8,61,48,39,0.092,0.072,0.057
27005,27,986,757,737,196952,198788,2e+05,5,3.8,3.7,7,9,18,0.036,0.045,0.09
27006,27,732,723,681,129442,130784,130000,5.7,5.5,5.2,22,9,9,0.17,0.069,0.068
27007,27,154,124,138,30178,30464,31000,5.1,4.1,4.5,1,2,2,0.033,0.066,0.065
27008,27,623,689,535,182338,183676,190000,3.4,3.8,2.9,18,9,17,0.099,0.049,0.092
27009,27,86,91,101,37078,37348,38000,2.3,2.4,2.7,1,3,3,0.027,0.08,0.08
27010,27,303,252,206,85590,86588,87000,3.5,2.9,2.4,2,0,0,0.023,0,0
27011,27,114,100,56,29782,29873,30000,3.8,3.3,1.9,1,0,0,0.034,0,0
27012,27,537,360,45,155467,156498,160000,3.5,2.3,0.29,8,5,0,0.051,0.032,0
27013,27,457,515,489,122490,126074,130000,3.7,4.1,3.8,0,4,4,0,0.032,0.031
27014,27,351,377,204,88444,89234,90000,4,4.2,2.3,2,4,4,0.023,0.045,0.044
27015,27,50,54,50,47051,47367,48000,1.1,1.1,1,4,3,2,0.085,0.063,0.042
27016,27,246,239,181,54538,54971,55000,4.5,4.3,3.3,10,5,3,0.18,0.091,0.054
27017,27,183,218,209,59608,59868,60000,3.1,3.6,3.5,4,7,6,0.067,0.12,0.1
28001,28,2,7,16,12359,12406,12000,0.16,0.56,1.3,0,2,6,0,0.16,0.48
28002,28,20,25,14,30516,30814,31000,0.66,0.81,0.45,5,3,1,0.16,0.097,0.032
28003,28,619,544,339,228911,236070,240000,2.7,2.3,1.4,36,39,15,0.16,0.17,0.062
28004,28,0,0,0,9292,0,0,0,0,0,0,0,0,0,0,0
28005,28,1,0,0,4658,0,0,0.21,0,0,0,0,0,0,0,0
28006,28,0,0,0,7815,0,0,0,0,0,0,0,0,0,0,0
28007,28,16,22,9,14826,14682,14000,1.1,1.5,0.62,1,3,1,0.067,0.2,0.069
28008,28,0,0,0,4540,0,0,0,0,0,0,0,0,0,0,0
28009,28,889,731,456,203498,205110,210000,4.4,3.6,2.2,36,20,6,0.18,0.098,0.029
28010,28,0,0,0,2007,0,0,0,0,0,0,0,0,0,0,0
28011,28,0,0,0,9020,0,0,0,0,0,0,0,0,0,0,0
28012,28,88,227,192,44844,45222,46000,2,5,4.2,12,30,9,0.27,0.66,0.2
28013,28,34,24,21,16252,16420,17000,2.1,1.5,1.3,6,1,6,0.37,0.061,0.36
28014,28,0,0,0,4739,0,0,0,0,0,0,0,0,0,0,0
28015,28,12,10,2,16282,16408,17000,0.74,0.61,0.12,1,1,1,0.061,0.061,0.061
28016,28,27,47,28,24366,24453,25000,1.1,1.9,1.1,20,27,8,0.82,1.1,0.33
28017,28,3,9,10,15606,15744,16000,0.19,0.57,0.63,2,2,5,0.13,0.13,0.32
28018,28,8,15,11,8525,8556,8600,0.94,1.8,1.3,2,2,8,0.23,0.23,0.93
28019,28,24,92,48,17628,17640,18000,1.4,5.2,2.7,3,10,5,0.17,0.57,0.28
28020,28,0,0,0,2651,0,0,0,0,0,0,0,0,0,0,0
28021,28,375,493,238,119280,120136,120000,3.1,4.1,2,16,20,9,0.13,0.17,0.074
28022,28,1327,1429,834,505818,510994,520000,2.6,2.8,1.6,83,91,47,0.16,0.18,0.091
28023,28,0,0,0,4578,0,0,0,0,0,0,0,0,0,0,0
28024,28,21,44,20,4643,4559,4400,4.5,9.7,4.5,6,19,7,1.3,4.2,1.6
28025,28,44,43,29,28363,28854,29000,1.6,1.5,0.99,14,19,7,0.49,0.66,0.24
28026,28,0,0,0,3587,0,0,0,0,0,0,0,0,0,0,0
28027,28,4109,3471,2229,398081,402656,410000,10,8.6,5.5,123,288,76,0.31,0.72,0.19
28028,28,0,0,0,3514,0,0,0,0,0,0,0,0,0,0,0
28029,28,5,11,8,13324,13389,13000,0.38,0.82,0.6,1,2,2,0.075,0.15,0.15
28030,28,35,45,52,14596,14778,15000,2.4,3,3.5,3,11,7,0.21,0.74,0.47
28031,28,0,0,0,1858,0,0,0,0,0,0,0,0,0,0,0
28032,28,2514,2094,1481,640907,653213,660000,3.9,3.2,2.2,88,84,49,0.14,0.13,0.074
28033,28,328,225,116,123048,124628,130000,2.7,1.8,0.92,18,20,3,0.15,0.16,0.024
28034,28,6,12,11,9510,9522,9500,0.63,1.3,1.2,0,2,0,0,0.21,0
28035,28,95,175,122,58238,58354,59000,1.6,3,2.1,30,67,31,0.52,1.1,0.53
28036,28,0,0,0,1048,0,0,0,0,0,0,0,0,0,0,0
28037,28,25,59,33,25726,26016,26000,0.97,2.3,1.3,4,11,0,0.16,0.42,0
28038,28,1977,1607,902,304234,305310,310000,6.5,5.3,2.9,49,56,18,0.16,0.18,0.059
28039,28,8,24,20,28472,28702,29000,0.28,0.84,0.69,0,1,2,0,0.035,0.069
28040,28,222,246,68,64644,64932,65000,3.4,3.8,1,54,52,10,0.84,0.8,0.15
28041,28,3055,2848,1628,336292,341232,350000,9.1,8.3,4.7,92,143,116,0.27,0.42,0.34
28042,28,0,0,0,6420,0,0,0,0,0,0,0,0,0,0,0
28043,28,44,68,45,23596,23769,24000,1.9,2.9,1.9,2,4,0,0.085,0.17,0
29001,29,6,13,8,10546,10844,11000,0.57,1.2,0.72,1,1,0,0.095,0.092,0
29002,29,24,17,31,13894,14106,14000,1.7,1.2,2.2,1,0,1,0.072,0,0.07
29003,29,5,3,3,6234,6318,6400,0.8,0.47,0.47,0,1,1,0,0.16,0.16
29004,29,6,3,2,16539,16772,17000,0.36,0.18,0.12,2,0,0,0.12,0,0
29005,29,236,222,269,78895,79804,81000,3,2.8,3.3,5,5,1,0.063,0.063,0.012
29006,29,140,109,128,46604,47308,48000,3,2.3,2.7,5,6,5,0.11,0.13,0.1
29007,29,23,9,13,15932,16152,16000,1.4,0.56,0.79,0,2,0,0,0.12,0
29008,29,20,9,12,14096,14254,14000,1.4,0.63,0.83,0,0,1,0,0,0.069
29009,29,3,1,1,5324,5431,5500,0.56,0.18,0.18,0,0,0,0,0,0
29010,29,177,151,177,68104,68849,70000,2.6,2.2,2.5,5,0,5,0.073,0,0.072
29011,29,1,4,2,4412,4456,4500,0.23,0.9,0.44,0,0,1,0,0,0.22
29012,29,3,9,9,8616,8688,8800,0.35,1,1,0,0,1,0,0,0.11
29013,29,123,99,111,88290,89602,91000,1.4,1.1,1.2,2,3,6,0.023,0.033,0.066
29014,29,17,11,4,14397,14582,15000,1.2,0.75,0.27,2,0,0,0.14,0,0
29015,29,23,42,38,36451,36958,37000,0.63,1.1,1,5,0,0,0.14,0,0
29016,29,8,3,3,7012,7096,7200,1.1,0.42,0.42,0,1,0,0,0.14,0
29017,29,5,7,5,10216,10408,11000,0.49,0.67,0.47,1,1,0,0.098,0.096,0
29018,29,31,22,42,36388,36914,37000,0.85,0.6,1.1,0,1,1,0,0.027,0.027
29019,29,20,8,18,19640,20031,20000,1,0.4,0.88,0,0,0,0,0,0
29020,29,9,4,5,8856,9011,9200,1,0.44,0.55,1,1,0,0.11,0.11,0
29021,29,6,8,13,17166,17350,18000,0.35,0.46,0.74,0,1,2,0,0.058,0.11
29022,29,2,6,3,5956,6055,6200,0.34,0.99,0.49,0,0,2,0,0,0.33
29023,29,28,42,40,24490,24836,25000,1.1,1.7,1.6,0,2,2,0,0.081,0.079
29024,29,17,24,20,26202,26633,27000,0.65,0.9,0.74,2,1,0,0.076,0.038,0
29025,29,78,89,81,72098,73094,74000,1.1,1.2,1.1,3,1,6,0.042,0.014,0.081
29026,29,8,13,12,18929,19334,20000,0.42,0.67,0.61,0,1,0,0,0.052,0
29027,29,9,10,11,12201,12370,13000,0.74,0.81,0.88,1,0,3,0.082,0,0.24
29028,29,13,17,10,22594,22981,23000,0.58,0.74,0.43,1,0,1,0.044,0,0.043
29029,29,10,16,7,11693,11980,12000,0.86,1.3,0.57,0,1,0,0,0.083,0
29030,29,4,4,1,14243,14420,15000,0.28,0.28,0.068,0,1,0,0,0.069,0
29031,29,11,14,14,30257,30890,31000,0.36,0.45,0.44,2,0,1,0.066,0,0.032
29032,29,4,12,15,12871,13054,13000,0.31,0.92,1.1,0,0,1,0,0,0.076
29033,29,318,263,248,93106,94477,96000,3.4,2.8,2.6,18,5,7,0.19,0.053,0.073
29034,29,26,13,16,41508,42117,43000,0.63,0.31,0.37,4,5,2,0.096,0.12,0.047
29035,29,5,0,7,5824,5921,6000,0.86,0,1.2,1,0,1,0.17,0,0.17
29036,29,13,18,12,21308,21568,22000,0.61,0.83,0.55,0,1,1,0,0.046,0.046
29037,29,6,5,3,8340,8362,8400,0.72,0.6,0.36,1,0,0,0.12,0,0
29038,29,14,15,18,15356,15674,16000,0.91,0.96,1.1,1,2,2,0.065,0.13,0.13
29039,29,21,10,17,22610,22940,23000,0.93,0.44,0.73,1,1,1,0.044,0.044,0.043
29040,29,12,5,6,10234,10420,11000,1.2,0.48,0.57,0,0,0,0,0,0
29041,29,33,33,30,28046,28459,29000,1.2,1.2,1,2,1,3,0.071,0.035,0.1
29042,29,11,22,14,12826,13072,13000,0.86,1.7,1.1,0,1,0,0,0.076,0
29043,29,39,34,26,34984,35820,37000,1.1,0.95,0.71,1,3,2,0.029,0.084,0.055
29044,29,63,72,42,40166,40786,41000,1.6,1.8,1,1,2,3,0.025,0.049,0.072
29045,29,0,2,0,5931,6018,6100,0,0.33,0,0,0,0,0,0,0
29046,29,0,1,1,4287,4342,4400,0,0.23,0.23,0,0,0,0,0,0
29047,29,0,1,0,2878,2916,3000,0,0.34,0,0,0,0,0,0,0
29048,29,21,18,19,17537,17812,18000,1.2,1,1.1,0,3,4,0,0.17,0.22
29049,29,2,3,2,5290,5382,5500,0.38,0.56,0.37,0,0,0,0,0,0
29050,29,5,4,2,10065,10118,10000,0.5,0.4,0.2,1,2,0,0.099,0.2,0
29051,29,3,6,1,3782,3868,3900,0.79,1.6,0.25,0,0,0,0,0,0
29052,29,2,1,0,5867,5948,6000,0.34,0.17,0,0,1,0,0,0.17,0
29053,29,1,11,10,7022,7100,7200,0.14,1.5,1.4,0,0,1,0,0,0.14
29054,29,1,1,3,5202,5262,5300,0.19,0.19,0.56,0,0,0,0,0,0
29055,29,1,1,0,2942,2984,3000,0.34,0.34,0,1,0,0,0.34,0,0
29056,29,5,7,4,7178,7309,7400,0.7,0.96,0.54,0,1,0,0,0.14,0
29057,29,2,13,3,4552,4639,4700,0.44,2.8,0.64,0,0,0,0,0,0
29058,29,3,5,6,8288,8412,8500,0.36,0.59,0.7,0,0,2,0,0,0.23
29059,29,3,3,3,6606,6738,6900,0.45,0.45,0.44,0,0,0,0,0,0
29060,29,8,4,4,4585,4642,4700,1.7,0.86,0.85,0,1,0,0,0.22,0
30003,30,140,47,53,85602,86204,87000,1.6,0.55,0.61,8,1,3,0.093,0.012,0.035
30004,30,7,10,7,41974,42310,43000,0.17,0.24,0.16,2,1,3,0.048,0.024,0.071
30010,30,14,50,31,61296,61558,62000,0.23,0.81,0.5,2,11,6,0.033,0.18,0.097
30011,30,84,27,36,53170,53590,54000,1.6,0.5,0.67,9,3,6,0.17,0.056,0.11
30014,30,27,39,11,43517,43978,44000,0.62,0.89,0.25,2,7,0,0.046,0.16,0
30023,30,9,13,42,49692,50160,50000,0.18,0.26,0.83,7,7,5,0.14,0.14,0.099
30028,30,267,372,379,139026,138836,140000,1.9,2.7,2.7,22,14,18,0.16,0.1,0.13
30030,30,61,87,24,42700,43023,43000,1.4,2,0.55,1,4,0,0.023,0.093,0
30032,30,13,8,1,49378,49650,50000,0.26,0.16,0.02,3,2,0,0.061,0.04,0
30038,30,134,62,75,88870,89704,90000,1.5,0.69,0.83,3,8,6,0.034,0.089,0.066
30039,30,568,437,558,314719,318452,320000,1.8,1.4,1.7,18,14,21,0.057,0.044,0.065
30040,30,19,30,15,49960,50604,51000,0.38,0.59,0.29,0,2,1,0,0.04,0.02
30044,30,444,423,173,200726,202198,2e+05,2.2,2.1,0.85,8,16,5,0.04,0.079,0.025
30045,30,224,210,56,58422,58757,59000,3.8,3.6,0.95,13,19,7,0.22,0.32,0.12
30047,30,7,4,6,53712,54179,55000,0.13,0.074,0.11,1,2,1,0.019,0.037,0.018
30048,30,175,55,105,122090,123902,130000,1.4,0.44,0.84,8,2,5,0.066,0.016,0.04
30058,30,13,17,13,55327,55204,55000,0.23,0.31,0.24,3,0,1,0.054,0,0.018
30061,30,108,15,82,79557,80338,81000,1.4,0.19,1,12,4,6,0.15,0.05,0.074
30065,30,35,28,15,65108,66596,68000,0.54,0.42,0.22,2,7,1,0.031,0.11,0.015
30068,30,93,87,32,61686,62490,63000,1.5,1.4,0.51,3,3,1,0.049,0.048,0.016
30071,30,52,55,24,56304,56981,57000,0.92,0.97,0.42,4,10,3,0.071,0.18,0.052
30073,30,5,11,6,42699,43073,43000,0.12,0.26,0.14,1,3,2,0.023,0.07,0.046
30077,30,66,97,93,43438,43912,44000,1.5,2.2,2.1,7,14,12,0.16,0.32,0.27
30083,30,4,8,1,50221,50264,50000,0.08,0.16,0.02,1,3,1,0.02,0.06,0.02
30085,30,32,11,6,67012,67632,68000,0.48,0.16,0.088,2,1,0,0.03,0.015,0
30086,30,20,34,28,41499,41762,42000,0.48,0.81,0.67,3,11,4,0.072,0.26,0.095
30087,30,1164,1095,538,473302,479624,480000,2.5,2.3,1.1,22,50,18,0.046,0.1,0.037
30102,30,232,259,209,103004,103526,1e+05,2.3,2.5,2,18,18,11,0.17,0.17,0.11
30105,30,55,63,39,65326,68335,70000,0.84,0.92,0.55,9,4,2,0.14,0.059,0.028
30108,30,254,183,288,160759,161658,160000,1.6,1.1,1.8,10,7,7,0.062,0.043,0.043
30109,30,56,81,63,64074,64399,65000,0.87,1.3,0.97,2,8,7,0.031,0.12,0.11
30118,30,367,316,201,122880,123404,120000,3,2.6,1.6,10,5,3,0.081,0.041,0.024
30123,30,342,274,196,99392,100064,1e+05,3.4,2.7,1.9,30,22,10,0.3,0.22,0.099
30124,30,205,170,149,161041,161746,160000,1.3,1.1,0.92,18,30,12,0.11,0.19,0.074
30128,30,86,142,100,70999,71784,72000,1.2,2,1.4,3,7,7,0.042,0.098,0.097
30130,30,50,34,10,41876,42202,42000,1.2,0.81,0.24,6,11,1,0.14,0.26,0.024
30131,30,699,625,589,197779,199364,2e+05,3.5,3.1,2.9,21,23,14,0.11,0.12,0.07
30133,30,1,28,53,56304,56594,57000,0.018,0.49,0.93,0,3,6,0,0.053,0.11
30138,30,33,17,16,41122,41228,41000,0.8,0.41,0.39,7,3,3,0.17,0.073,0.073
30141,30,114,129,70,160817,162052,160000,0.71,0.8,0.43,7,6,4,0.044,0.037,0.025
30143,30,12,19,9,57246,57490,58000,0.21,0.33,0.16,2,2,1,0.035,0.035,0.017
30155,30,117,67,52,102732,102866,1e+05,1.1,0.65,0.5,18,3,2,0.18,0.029,0.019
30160,30,191,147,109,106034,106416,110000,1.8,1.4,1,8,15,12,0.075,0.14,0.11
30173,30,52,36,22,53893,54356,55000,0.96,0.66,0.4,5,7,0,0.093,0.13,0
30174,30,301,322,235,96879,97925,99000,3.1,3.3,2.4,14,20,15,0.14,0.2,0.15
30175,30,152,132,119,92434,93445,94000,1.6,1.4,1.3,11,8,3,0.12,0.086,0.032
30183,30,48,84,56,59281,59712,60000,0.81,1.4,0.93,1,6,7,0.017,0.1,0.12
30189,30,279,187,202,146732,147878,150000,1.9,1.3,1.4,11,9,12,0.075,0.061,0.081
30193,30,1166,1629,1625,566939,572582,580000,2.1,2.8,2.8,102,85,63,0.18,0.15,0.11
30201,30,14,25,6,42740,43034,43000,0.33,0.58,0.14,3,4,1,0.07,0.093,0.023
30204,30,44,11,24,46819,47084,47000,0.94,0.23,0.51,2,2,1,0.043,0.042,0.021
30207,30,85,81,48,45904,46170,46000,1.9,1.8,1,10,14,4,0.22,0.3,0.086
31038,31,48,20,14,31904,32390,33000,1.5,0.62,0.43,1,0,0,0.031,0,0
31040,31,71,80,22,26804,27106,27000,2.6,3,0.8,2,2,0,0.075,0.074,0
31041,31,0,105,190,87426,91650,95000,0,1.1,2,0,0,4,0,0,0.042
31048,31,30,49,41,22286,22504,23000,1.3,2.2,1.8,0,6,0,0,0.27,0
31050,31,2532,2048,1428,858340,869811,880000,2.9,2.4,1.6,33,17,0,0.038,0.02,0
31052,31,96,129,72,35102,35549,36000,2.7,3.6,2,2,1,1,0.057,0.028,0.028
31059,31,176,172,177,55918,56722,57000,3.1,3,3.1,1,0,1,0.018,0,0.017
31079,31,62,96,20,41966,42521,43000,1.5,2.3,0.46,1,4,3,0.024,0.094,0.07
31089,31,76,106,37,38882,39355,40000,2,2.7,0.93,2,3,1,0.051,0.076,0.025
31096,31,83,125,70,75052,75745,76000,1.1,1.7,0.92,3,3,1,0.04,0.04,0.013
31101,31,36,110,57,51593,51690,52000,0.7,2.1,1.1,1,1,1,0.019,0.019,0.019
31102,31,193,136,113,76656,77646,79000,2.5,1.8,1.4,0,1,4,0,0.013,0.051
32005,32,113,142,18,41008,41418,42000,2.8,3.4,0.43,2,3,1,0.049,0.072,0.024
32007,32,52,57,25,13063,13139,13000,4,4.3,1.9,2,3,2,0.15,0.23,0.15
32010,32,453,763,785,218434,220290,220000,2.1,3.5,3.5,6,28,50,0.027,0.13,0.23
32019,32,58,55,79,23824,23864,24000,2.4,2.3,3.3,8,6,2,0.34,0.25,0.084
32020,32,120,264,210,59185,59718,60000,2,4.4,3.5,7,11,6,0.12,0.18,0.1
32023,32,41,23,18,12521,12582,13000,3.3,1.8,1.4,3,0,4,0.24,0,0.32
32024,32,68,71,63,49798,50342,51000,1.4,1.4,1.2,1,3,0,0.02,0.06,0
32025,32,0,0,0,12587,0,0,0,0,0,0,0,0,0,0,0
32029,32,93,173,103,22752,22896,23000,4.1,7.6,4.5,1,8,5,0.044,0.35,0.22
32034,32,40,31,51,28522,28696,29000,1.4,1.1,1.8,2,1,5,0.07,0.035,0.17
32036,32,208,108,61,41642,41954,42000,5,2.6,1.4,7,14,4,0.17,0.33,0.095
32038,32,83,55,52,71121,71490,72000,1.2,0.77,0.72,6,9,4,0.084,0.13,0.056
32039,32,112,116,165,64360,64942,66000,1.7,1.8,2.5,3,4,9,0.047,0.062,0.14
32042,32,179,141,114,62292,62586,63000,2.9,2.3,1.8,15,30,12,0.24,0.48,0.19
32047,32,31,24,21,5572,5585,5600,5.6,4.3,3.8,5,1,0,0.9,0.18,0
32048,32,114,117,163,26590,27038,27000,4.3,4.3,5.9,5,4,3,0.19,0.15,0.11
32049,32,15,43,50,33664,33619,34000,0.45,1.3,1.5,1,5,9,0.03,0.15,0.27
32055,32,48,47,27,29743,29774,30000,1.6,1.6,0.91,4,1,3,0.13,0.034,0.1
32056,32,2344,2341,1517,141214,142222,140000,17,16,11,27,59,38,0.19,0.41,0.27
