"id","total_2011","total_2012","total_2013","population_2011","population_2012","population_2013","rate_2011","rate_2012","rate_2013"
"10001",43,15,10,32592,32876,33146,1.3,0.46,0.3
"10002",0,1,0,0,4217,0,0,0.24,0
"10004",106,30,32,34819,35090,35384,3,0.85,0.9
"10005",3471,2593,2238,610384,619284,627657,5.7,4.2,3.6
"10007",0,782,1952,0,344986,348674,0,2.3,5.6
"10008",78,31,23,35320,35652,35976,2.2,0.87,0.64
"10009",1,2,13,10366,10380,10408,0.096,0.19,1.2
"1001",2717,2838,2154,823056,835348,847308,3.3,3.4,2.5
"10012",3342,1298,466,147074,148853,150565,23,8.7,3.1
"10013",0,14,12,0,26398,26660,0,0.53,0.45
"10014",42,37,29,34538,34828,35150,1.2,1.1,0.83
"10015",8,6,4,12718,12749,12791,0.63,0.47,0.31
"10016",39,15,27,19115,19264,19372,2,0.78,1.4
"10018",34,61,25,11739,11858,11952,2.9,5.1,2.1
"10019",6,6,0,5456,5540,0,1.1,1.1,0
"1002",27,12,25,46970,47634,48294,0.57,0.25,0.52
"10020",16,7,8,12210,12240,12269,1.3,0.57,0.65
"10021",8,7,0,10828,10900,0,0.74,0.64,0
"10022",41,25,16,25789,26020,26232,1.6,0.96,0.61
"10023",67,58,48,50576,50898,51278,1.3,1.1,0.94
"10024",18,9,4,13416,13582,13784,1.3,0.66,0.29
"10026",23,10,40,20202,20288,20408,1.1,0.49,2
"10027",0,0,1,0,0,6116,0,0,0.16
"10028",25,17,21,12421,12571,12730,2,1.4,1.6
"1003",17,25,34,55510,56096,56702,0.31,0.45,0.6
"10032",187,82,64,46842,47374,47894,4,1.7,1.3
"10033",1,4,1,6885,6878,6892,0.15,0.58,0.15
"10034",39,25,27,26980,27014,27172,1.4,0.93,0.99
"10035",27,24,12,10889,10800,10732,2.5,2.2,1.1
"10036",2,8,11,22942,23534,23714,0.087,0.34,0.46
"10037",7,10,2,8864,8960,9042,0.79,1.1,0.22
"10038",168,66,28,21749,21874,22018,7.7,3,1.3
"10039",43,25,22,27024,27236,27492,1.6,0.92,0.8
"1004",24,5,9,15462,15659,15861,1.6,0.32,0.57
"1005",122,89,109,104196,106428,108512,1.2,0.84,1
"1006",33,26,42,42877,43340,43840,0.77,0.6,0.96
"1007",43,28,23,50411,50990,51604,0.85,0.55,0.45
"1008",1,1,2,8710,8830,8951,0.11,0.11,0.22
"1009",7,9,6,20348,20658,20960,0.34,0.44,0.29
"1010",12,4,12,19373,19618,19868,0.62,0.2,0.6
"1011",41,26,34,37596,38492,39322,1.1,0.68,0.86
"11001",31,62,82,86264,86784,87318,0.36,0.71,0.94
"11002",109,133,125,111002,111422,111856,0.98,1.2,1.1
"11003",137,215,253,165682,167601,169414,0.83,1.3,1.5
"11004",53,65,110,66096,66646,67196,0.8,0.98,1.6
"11005",62,79,166,88196,89254,90244,0.7,0.89,1.8
"11006",0,1,0,5739,5770,5798,0,0.17,0
"11007",1202,1667,1818,482644,487690,492438,2.5,3.4,3.7
"11008",26,53,48,37937,38135,38346,0.69,1.4,1.3
"11009",39,47,66,79792,80458,81146,0.49,0.58,0.81
"11010",3,7,9,11876,11910,11954,0.25,0.59,0.75
"11011",108,189,253,89959,90342,90788,1.2,2.1,2.8
"11012",16,26,21,28148,28437,28700,0.57,0.91,0.73
"11013",13,15,16,23836,23977,24138,0.55,0.63,0.66
"11014",57,118,206,151561,152599,153731,0.38,0.77,1.3
"11015",132,318,369,176943,178758,180500,0.75,1.8,2
"11016",5,14,10,20552,20668,20785,0.24,0.68,0.48
"11017",604,885,1116,546914,553136,558900,1.1,1.6,2
"11018",15,12,18,37804,38223,38593,0.4,0.31,0.47
"11019",23,23,21,52220,52632,53036,0.44,0.44,0.4
"11020",1145,1618,2165,1477980,1492750,1507044,0.77,1.1,1.4
"11021",72,72,61,50200,50390,50592,1.4,1.4,1.2
"11022",6,11,6,23170,23308,23458,0.26,0.47,0.26
"11023",83,120,272,153196,154091,155020,0.54,0.78,1.8
"11024",2,8,13,11558,11688,11803,0.17,0.68,1.1
"11025",24,68,82,72000,73290,74445,0.33,0.93,1.1
"11026",31,57,35,58191,58681,59162,0.53,0.97,0.59
"11027",362,505,706,268223,270716,273022,1.3,1.9,2.6
"11028",87,118,126,98506,98706,98966,0.88,1.2,1.3
"11029",11,11,10,37736,37908,38120,0.29,0.29,0.26
"11030",21,56,57,109468,110202,110986,0.19,0.51,0.51
"11031",83,140,144,116220,117010,117843,0.71,1.2,1.2
"11032",51,41,74,75606,76882,78030,0.67,0.53,0.95
"11033",106,145,137,119120,120334,121544,0.89,1.2,1.1
"11034",4,2,7,5246,5284,5320,0.76,0.38,1.3
"11035",56,76,92,81516,82270,83010,0.69,0.92,1.1
"11036",3,8,5,6770,6785,6802,0.44,1.2,0.74
"11037",274,319,334,179221,181574,183758,1.5,1.8,1.8
"11038",8,5,5,11991,12102,12199,0.67,0.41,0.41
"11039",24,25,36,36370,36567,36760,0.66,0.68,0.98
"11040",2,4,3,18646,18800,18958,0.11,0.21,0.16
"11041",50,59,78,61005,61617,62182,0.82,0.96,1.3
"11042",50,113,100,144543,145599,146623,0.35,0.78,0.68
"11043",7,8,5,20022,19954,19949,0.35,0.4,0.25
"11044",79,113,129,57361,57900,58424,1.4,2,2.2
"11045",4,4,1,11745,11774,11811,0.34,0.34,0.085
"11046",47,67,77,72732,73346,73908,0.65,0.91,1
"12001",5764,5845,4855,817933,826366,833790,7,7.1,5.8
"12002",3,3,0,25593,25694,25810,0.12,0.12,0
"12003",6,42,33,38839,38814,38868,0.15,1.1,0.85
"12004",7,8,7,19576,19746,19896,0.36,0.41,0.35
"12005",0,0,2,6894,6980,7053,0,0,0.28
"12006",7,7,22,12540,12481,12447,0.56,0.56,1.8
"12007",74,67,41,32755,32800,32864,2.3,2,1.2
"12008",0,1,0,8638,8692,8738,0,0.12,0
"12009",0,1,0,5872,5915,5958,0,0.17,0
"12010",14,6,5,27028,27173,27324,0.52,0.22,0.18
"12011",113,181,150,62538,62706,62882,1.8,2.9,2.4
"12012",78,75,33,64454,64950,65434,1.2,1.2,0.5
"12013",2,3,16,14789,14862,14924,0.14,0.2,1.1
"12014",7,9,2,15250,15259,15262,0.46,0.59,0.13
"12015",3,3,8,12913,12940,12964,0.23,0.23,0.62
"12016",0,0,3,13158,13044,12967,0,0,0.23
"12017",8,5,21,15026,15066,15105,0.53,0.33,1.4
"12018",6,0,3,14150,14303,14430,0.42,0,0.21
"12019",2,1,1,14726,14762,14812,0.14,0.068,0.068
"12020",1,4,9,19201,19260,19336,0.052,0.21,0.47
"12021",117,201,166,75242,75607,75961,1.6,2.7,2.2
"12022",173,104,111,42634,42443,42313,4.1,2.5,2.6
"12023",20,17,23,26615,26754,26884,0.75,0.64,0.86
"12024",0,0,3,7111,7098,7102,0,0,0.42
"12025",1,4,1,15318,15291,15276,0.065,0.26,0.065
"12026",0,4,8,9296,9281,9270,0,0.43,0.86
"12027",14,28,13,21752,21764,21776,0.64,1.3,0.6
"12028",136,130,100,125142,126474,127686,1.1,1,0.78
"12029",1001,1033,1071,252076,255642,258846,4,4,4.1
"12030",5,17,13,20694,20793,20890,0.24,0.82,0.62
"12031",3,2,6,6374,6327,6292,0.47,0.32,0.95
"12032",5,2,18,37196,37128,37179,0.13,0.054,0.48
"12033",4,2,9,14696,14746,14801,0.27,0.14,0.61
"12034",3,3,17,38252,38416,38562,0.078,0.078,0.44
"12035",578,500,512,145067,146461,147717,4,3.4,3.5
"12036",8,9,7,10984,11014,11056,0.73,0.82,0.63
"12037",0,449,2,6788,6829,6864,0,66,0.29
"12038",571,449,382,123522,125299,126876,4.6,3.6,3
"12039",9,10,22,25002,25146,25280,0.36,0.4,0.87
"12040",3,4,18,25366,25473,25631,0.12,0.16,0.7
"12041",9,8,5,30160,30278,30409,0.3,0.26,0.16
"12042",8,1,0,18413,18630,18823,0.43,0.054,0
"12043",2,2,1,19212,19156,19150,0.1,0.1,0.052
"12044",0,0,4,11656,11702,11763,0,0,0.34
"12045",7,6,12,25418,25607,25788,0.28,0.23,0.47
"12046",159,150,105,63171,63701,64209,2.5,2.4,1.6
"12047",2,6,3,7078,7050,7036,0.28,0.85,0.43
"12048",36,14,48,45639,45544,45563,0.79,0.31,1.1
"12049",2,13,11,11780,11814,11850,0.17,1.1,0.93
"12050",51,92,99,37674,37726,37819,1.4,2.4,2.6
"12051",5,1,3,35257,35238,35289,0.14,0.028,0.085
"12052",15,15,8,42762,42569,42480,0.35,0.35,0.19
"12053",21,35,26,49643,49866,50075,0.42,0.7,0.52
"12054",4,14,41,28474,28403,28410,0.14,0.49,1.4
"12055",162,153,138,106522,107074,107604,1.5,1.4,1.3
"12056",22,14,8,44741,44776,44854,0.49,0.31,0.18
"12057",147,175,151,63654,63983,64270,2.3,2.7,2.3
"12058",57,113,137,54784,54887,55018,1,2.1,2.5
"12059",6,16,18,31134,31244,31338,0.19,0.51,0.57
"12060",4,3,3,13341,13343,13360,0.3,0.22,0.22
"12061",49,5,51,41180,41464,41733,1.2,0.12,1.2
"12062",7,13,4,22063,22332,22574,0.32,0.58,0.18
"12063",1,0,1,10258,10328,10392,0.097,0,0.096
"12064",7,8,1,11656,11623,11594,0.6,0.69,0.086
"12065",3,5,2,7272,7310,7346,0.41,0.68,0.27
"12066",198,322,181,85961,87706,89220,2.3,3.7,2
"12067",5,16,18,22252,22300,22355,0.22,0.72,0.81
"12068",69,6,62,26121,26086,26096,2.6,0.23,2.4
"12069",1,10,3,12341,12211,12128,0.081,0.82,0.25
"12070",0,0,1,7174,7167,7170,0,0,0.14
"12071",7,4,6,28870,29107,29334,0.24,0.14,0.2
"12072",12,7,3,10727,10755,10793,1.1,0.65,0.28
"12073",6,2,2,18935,18676,18482,0.32,0.11,0.11
"12074",1,1,0,23328,23530,23713,0.043,0.042,0
"12075",13,13,46,48111,48736,49282,0.27,0.27,0.93
"12076",5,5,9,33656,33880,34117,0.15,0.15,0.26
"12077",13,8,12,13264,13351,13433,0.98,0.6,0.89
"12078",0,6,3,19284,19423,19557,0,0.31,0.15
"12079",0,0,0,15913,15903,15932,0,0,0
"12080",1,4,4,7412,7474,7524,0.13,0.54,0.53
"12081",0,0,0,10632,10632,10654,0,0,0
"13001",6,3,5,20580,20734,20932,0.29,0.14,0.24
"13002",5,8,11,41735,42209,42832,0.12,0.19,0.26
"13003",251,133,148,55899,56564,57230,4.5,2.4,2.6
"13004",4,3,2,9072,9116,9151,0.44,0.33,0.22
"13005",2,2,5,17284,17433,17528,0.12,0.11,0.29
"13006",3,2,6,19357,19420,19727,0.15,0.1,0.3
"13007",0,4,5,0,11508,11588,0,0.35,0.43
"13008",62,80,56,43411,43758,44134,1.4,1.8,1.3
"13009",7,8,5,17942,18182,18381,0.39,0.44,0.27
"13010",9,10,33,27482,27754,28050,0.33,0.36,1.2
"13011",4,2,0,19593,19604,0,0.2,0.1,0
"13012",29,17,17,27736,28045,28404,1,0.61,0.6
"13013",44,18,61,32206,32717,33205,1.4,0.55,1.8
"13014",0,1,2,0,17171,17282,0,0.058,0.12
"13015",3,2,0,18978,19301,0,0.16,0.1,0
"13016",9,6,14,56662,57414,58580,0.16,0.1,0.24
"13017",1,0,2,12452,0,12615,0.08,0,0.16
"13018",0,0,1,0,0,22907,0,0,0.044
"13019",2,0,2,17961,0,18418,0.11,0,0.11
"13021",2,5,6,13587,13724,13838,0.15,0.36,0.43
"13022",0,2,8,0,14594,14846,0,0.14,0.54
"13023",4,1,15,35082,35348,36050,0.11,0.028,0.42
"13024",7,1,7,17643,17706,18030,0.4,0.056,0.39
"13025",1,0,1,22591,0,22390,0.044,0,0.045
"13026",0,0,1,0,0,13017,0,0,0.077
"13027",4,2,4,23701,23713,23781,0.17,0.084,0.17
"13028",59,44,50,124494,124990,125805,0.47,0.35,0.4
"13029",64,40,48,45372,45902,46394,1.4,0.87,1
"13030",219,132,125,89707,91220,92664,2.4,1.4,1.3
"13031",9,7,10,12974,13014,13090,0.69,0.54,0.76
"13034",1,0,2,9905,0,9914,0.1,0,0.2
"13035",8,12,6,11941,12194,12323,0.67,0.98,0.49
"13036",0,2,6,0,9606,9666,0,0.21,0.62
"13037",6,6,11,21928,22066,22147,0.27,0.27,0.5
"13038",1,4,5,8198,8360,8471,0.12,0.48,0.59
"13039",1,2,2,14195,14479,14663,0.07,0.14,0.14
"13040",0,5,5,0,10516,10536,0,0.48,0.47
"13041",92,70,61,44150,44718,45278,2.1,1.6,1.3
"13042",3,5,15,11372,11417,11481,0.26,0.44,1.3
"13043",1,0,0,6707,0,0,0.15,0,0
"13044",0,1,3,0,15818,15880,0,0.063,0.19
"13045",6,7,1,9314,9467,9492,0.64,0.74,0.11
"13046",1,0,5,39343,0,39143,0.025,0,0.13
"13048",1174,1100,1111,269277,268367,269082,4.4,4.1,4.1
"13049",0,1,6,0,18394,18449,0,0.054,0.33
"13050",4,7,25,22881,23195,23550,0.17,0.3,1.1
"13051",62,57,139,143716,152112,159265,0.43,0.37,0.87
"13052",12,6,11,33251,33734,34191,0.36,0.18,0.32
"13053",8,5,7,18169,18074,18049,0.44,0.28,0.39
"13054",8,8,8,33810,34097,34648,0.24,0.23,0.23
"13055",3,2,2,16433,16621,16884,0.18,0.12,0.12
"13056",4,8,16,34485,35006,35519,0.12,0.23,0.45
"13057",3,10,14,15241,15408,15576,0.2,0.65,0.9
"13058",1,0,0,17175,0,0,0.058,0,0
"13059",2,0,6,35772,0,36618,0.056,0,0.16
"13060",13,24,17,17519,17630,17761,0.74,1.4,0.96
"13061",103,119,141,52219,52390,52637,2,2.3,2.7
"13062",3,3,2,29494,29516,29629,0.1,0.1,0.068
"13063",143,173,168,83422,84656,85850,1.7,2,2
"13064",2,1,8,10147,10245,10411,0.2,0.098,0.77
"13065",0,0,1,0,0,11761,0,0,0.085
"13066",2,1,11,11888,11926,12083,0.17,0.084,0.91
"13067",20,8,23,49481,49818,50860,0.4,0.16,0.45
"13068",0,2,1,0,14160,14174,0,0.14,0.071
"13069",266,309,385,109307,115314,120409,2.4,2.7,3.2
"13070",3,6,17,17575,17746,17972,0.17,0.34,0.95
"13071",0,0,1,0,0,9860,0,0,0.1
"13072",2,2,6,10506,10800,11010,0.19,0.19,0.54
"13073",5,1,3,36873,36955,37275,0.14,0.027,0.08
"13074",107,73,94,27330,27562,27818,3.9,2.6,3.4
"13075",2,3,7,13610,13772,13933,0.15,0.22,0.5
"13076",297,245,302,106812,108077,109330,2.8,2.3,2.8
"13077",653,555,511,157186,159776,162243,4.2,3.5,3.1
"13079",1,0,1,7374,0,7405,0.14,0,0.14
"13080",2,0,1,23748,0,23776,0.084,0,0.042
"13081",24,39,26,34067,34832,35419,0.7,1.1,0.73
"13082",0,2,9,0,18559,18742,0,0.11,0.48
"13083",10,16,25,42185,43728,45152,0.24,0.37,0.55
"13084",19,12,16,39499,39902,40313,0.48,0.3,0.4
"14001",0,0,0,22065,0,0,0,0,0
"14002",0,0,0,23710,0,0,0,0,0
"14003",0,0,0,22031,0,0,0,0,0
"14004",0,0,0,5725,0,0,0,0,0
"14005",0,0,0,15040,0,0,0,0,0
"14006",0,0,0,58734,0,0,0,0,0
"14007",0,0,0,9085,0,0,0,0,0
"14008",0,0,0,75729,0,0,0,0,0
"14009",0,0,0,18312,0,0,0,0,0
"14010",0,0,0,6792,0,0,0,0,0
"14011",0,0,0,5558,0,0,0,0,0
"14012",0,0,0,4163,0,0,0,0,0
"14013",0,0,0,59721,0,0,0,0,0
"14014",0,0,0,8451,0,0,0,0,0
"14015",0,0,0,59282,0,0,0,0,0
"14016",0,0,0,39417,0,0,0,0,0
"14017",0,0,0,12904,0,0,0,0,0
"14018",0,0,0,65956,0,0,0,0,0
"14019",0,0,0,7313,0,0,0,0,0
"14020",0,0,0,10336,0,0,0,0,0
"14021",0,0,0,22322,0,0,0,0,0
"14022",0,0,0,41612,0,0,0,0,0
"14023",211,223,0,103065,104042,0,2,2.1,0
"14024",0,0,0,26708,0,0,0,0,0
"14025",0,0,0,18728,0,0,0,0,0
"14026",0,0,0,6168,0,0,0,0,0
"14027",0,0,0,17678,0,0,0,0,0
"14028",0,0,0,2227,0,0,0,0,0
"14029",0,0,0,18357,0,0,0,0,0
"14030",0,0,0,50605,0,0,0,0,0
"14031",0,0,0,3884,0,0,0,0,0
"14032",0,0,0,6026,0,0,0,0,0
"14033",0,0,0,21878,0,0,0,0,0
"14034",0,0,0,2152,0,0,0,0,0
"14035",0,0,0,52964,0,0,0,0,0
"14036",0,0,0,19074,0,0,0,0,0
"14037",0,0,0,24629,0,0,0,0,0
"14038",0,0,0,4401,0,0,0,0,0
"14039",6063,5197,7491,1506426,1499340,1498925,4,3.5,5
"14040",0,0,0,10870,0,0,0,0,0
"14041",0,0,0,6341,0,0,0,0,0
"14042",0,0,0,9072,0,0,0,0,0
"14043",0,0,0,24421,0,0,0,0,0
"14044",0,0,0,46198,0,0,0,0,0
"14045",0,0,0,19419,0,0,0,0,0
"14046",0,0,0,33032,0,0,0,0,0
"14047",0,0,0,23498,0,0,0,0,0
"14048",0,0,0,19054,0,0,0,0,0
"14049",0,0,0,9875,0,0,0,0,0
"14050",0,0,0,43508,0,0,0,0,0
"14051",0,0,0,13653,0,0,0,0,0
"14052",0,0,0,5620,0,0,0,0,0
"14053",178,193,222,159060,161204,163148,1.1,1.2,1.4
"14054",0,0,0,5568,0,0,0,0,0
"14055",0,0,0,22098,0,0,0,0,0
"14056",0,0,0,2515,0,0,0,0,0
"14057",0,0,0,3834,0,0,0,0,0
"14058",0,0,0,14628,0,0,0,0,0
"14059",0,0,0,13744,0,0,0,0,0
"14060",0,0,0,6096,0,0,0,0,0
"14061",0,0,0,18633,0,0,0,0,0
"14062",0,0,0,3680,0,0,0,0,0
"14063",192,143,160,94996,95718,96443,2,1.5,1.7
"14064",0,0,0,30804,0,0,0,0,0
"14065",0,0,0,12346,0,0,0,0,0
"14066",0,0,0,49838,0,0,0,0,0
"14067",777,706,584,268046,273372,277896,2.9,2.6,2.1
"14068",0,0,0,11862,0,0,0,0,0
"14069",0,0,0,8850,0,0,0,0,0
"14070",359,432,420,146040,149574,152515,2.5,2.9,2.8
"14071",0,0,0,3219,0,0,0,0,0
"14072",0,0,0,6835,0,0,0,0,0
"14073",0,0,0,67868,0,0,0,0,0
"14074",0,0,0,16310,0,0,0,0,0
"14075",0,0,0,3848,0,0,0,0,0
"14076",0,0,0,3483,0,0,0,0,0
"14077",0,0,0,27088,0,0,0,0,0
"14078",0,0,0,32568,0,0,0,0,0
"14079",0,0,0,14512,0,0,0,0,0
"14080",0,0,0,5830,0,0,0,0,0
"14081",0,0,0,3770,0,0,0,0,0
"14082",0,0,0,35320,0,0,0,0,0
"14083",0,0,0,72826,0,0,0,0,0
"14093",181,285,364,140062,141618,143072,1.3,2,2.5
"14097",872,980,826,467219,492327,512099,1.9,2,1.6
"14098",1273,1207,1459,626078,633331,640123,2,1.9,2.3
"14101",662,742,959,500619,510251,518486,1.3,1.5,1.8
"14120",2925,3021,4003,1283618,1300046,1314938,2.3,2.3,3
"14123",0,0,165,0,0,18392,0,0,9
"15001",19,46,39,63643,64424,64899,0.3,0.71,0.6
"15002",432,633,633,156052,164926,172538,2.8,3.8,3.7
"15003",23,26,34,47156,47906,48657,0.49,0.54,0.7
"15004",11,12,17,15452,15612,15790,0.71,0.77,1.1
"15005",144,170,245,157108,160499,163727,0.92,1.1,1.5
"15006",36,1,15,11709,12020,12302,3.1,0.083,1.2
"15007",5,17,25,24163,24586,25005,0.21,0.69,1
"15008",8,7,5,27041,27048,27148,0.3,0.26,0.18
"15009",232,320,208,50056,50430,50888,4.6,6.3,4.1
"15010",38,90,28,28874,29270,29608,1.3,3.1,0.95
"15011",129,138,172,61357,63428,65261,2.1,2.2,2.6
"15012",14,11,25,10934,11156,11370,1.3,0.99,2.2
"15013",2663,1887,2899,512332,518766,525372,5.2,3.6,5.5
"15014",136,165,282,100500,103072,105467,1.4,1.6,2.7
"15015",40,40,24,29414,30028,30608,1.4,1.3,0.78
"15016",37,42,49,27196,27776,28312,1.4,1.5,1.7
"15017",11,22,14,9812,10200,10538,1.1,2.2,1.3
"15018",35,75,130,50478,51772,52958,0.69,1.4,2.5
"15019",25,33,67,35975,36587,37188,0.69,0.9,1.8
"15020",3762,2854,2158,287061,288886,291200,13,9.9,7.4
"15021",25,42,67,38172,38816,39454,0.65,1.1,1.7
"15022",59,43,54,12556,12640,12744,4.7,3.4,4.2
"15023",53,48,147,40198,40423,40748,1.3,1.2,3.6
"15024",1022,871,1150,152142,156958,161251,6.7,5.5,7.1
"15025",2545,2981,2491,333339,342220,350414,7.6,8.7,7.1
"15026",8,9,5,29788,30667,31463,0.27,0.29,0.16
"15027",9,20,28,10804,11290,11712,0.83,1.8,2.4
"15028",47,74,78,27902,28505,29068,1.7,2.6,2.7
"15029",746,1107,678,181737,183572,185650,4.1,6,3.7
"15030",108,135,154,24294,24820,25314,4.4,5.4,6.1
"15031",1903,889,2042,655120,670029,684214,2.9,1.3,3
"15032",20,29,32,35194,35764,36346,0.57,0.81,0.88
"15033",18761,14835,14742,1710001,1721195,1735474,11,8.6,8.5
"15034",12,7,8,9912,10098,10282,1.2,0.69,0.78
"15035",260,245,553,113922,120263,125740,2.3,2,4.4
"15036",23,17,38,41828,42444,43065,0.55,0.4,0.88
"15037",1007,736,839,254990,259148,263241,3.9,2.8,3.2
"15038",3,5,10,10968,11207,11431,0.27,0.45,0.87
"15039",2939,3578,2042,492192,500428,508657,6,7.1,4
"15040",50,50,94,35362,35952,36533,1.4,1.4,2.6
"15041",2,3,7,6864,6915,6976,0.29,0.43,1
"15042",134,111,199,149459,152220,154927,0.9,0.73,1.3
"15043",17,34,38,29436,30494,31438,0.58,1.1,1.2
"15044",43,42,72,27251,27459,27709,1.6,1.5,2.6
"15045",153,186,196,89341,91371,93265,1.7,2,2.1
"15046",6,4,21,19582,20224,20796,0.31,0.2,1
"15047",21,11,17,73135,74560,75940,0.29,0.15,0.22
"15048",37,58,42,64495,65567,66622,0.57,0.88,0.63
"15049",3,16,14,13670,13958,14228,0.22,1.1,0.98
"15050",22,38,48,24826,25268,25699,0.89,1.5,1.9
"15051",346,389,544,146285,150819,154864,2.4,2.6,3.5
"15052",34,37,31,27010,27438,27857,1.3,1.3,1.1
"15053",124,118,215,55066,57053,58805,2.3,2.1,3.7
"15054",1351,1185,1452,224022,226854,229746,6,5.2,6.3
"15055",11,15,43,12472,12748,13008,0.88,1.2,3.3
"15056",5,4,10,29720,30088,30472,0.17,0.13,0.33
"15057",5950,6379,7774,866126,874128,882912,6.9,7.3,8.8
"15058",9270,10008,9847,1145258,1151636,1159866,8.1,8.7,8.5
"15059",57,69,143,38640,40530,42174,1.5,1.7,3.4
"15060",1091,1334,1413,393232,403280,412482,2.8,3.3,3.4
"15061",14,18,36,9316,9442,9568,1.5,1.9,3.8
"15062",140,113,200,65624,66955,68206,2.1,1.7,2.9
"15063",53,48,33,34028,34830,35578,1.6,1.4,0.93
"15064",18,16,25,36064,36552,37057,0.5,0.44,0.67
"15065",211,86,105,36368,37098,37784,5.8,2.3,2.8
"15066",0,3,1,5042,5074,5115,0,0.59,0.2
"15067",66,72,103,82934,84658,86320,0.8,0.85,1.2
"15068",90,91,61,28858,29408,29936,3.1,3.1,2
"15069",9,11,13,4368,4439,4508,2.1,2.5,2.9
"15070",1706,1133,1757,267210,271568,275926,6.4,4.2,6.4
"15071",27,19,23,13586,13742,13904,2,1.4,1.7
"15072",4,34,26,13550,13838,14106,0.3,2.5,1.8
"15073",28,47,69,25297,26722,27949,1.1,1.8,2.5
"15074",29,24,64,129606,132704,135646,0.22,0.18,0.47
"15075",27,56,70,26454,27039,27584,1,2.1,2.5
"15076",200,249,358,76212,77387,78575,2.6,3.2,4.6
"15077",4,2,5,6641,6767,6886,0.6,0.3,0.73
"15078",4,8,3,9444,9523,9618,0.42,0.84,0.31
"15079",16,21,18,12408,12604,12798,1.3,1.7,1.4
"15080",8,7,14,26740,26934,27170,0.3,0.26,0.52
"15081",2737,2550,2066,399874,414582,427519,6.8,6.2,4.8
"15082",95,90,99,75032,76308,77558,1.3,1.2,1.3
"15083",23,74,48,11806,12006,12206,1.9,6.2,3.9
"15084",79,50,72,37792,38345,38899,2.1,1.3,1.9
"15085",10,16,23,65632,66516,67428,0.15,0.24,0.34
"15086",21,31,32,34380,34788,35220,0.61,0.89,0.91
"15087",66,54,85,95401,97307,99170,0.69,0.55,0.86
"15088",170,182,254,96256,98056,99800,1.8,1.9,2.5
"15089",18,21,10,11212,11422,11623,1.6,1.8,0.86
"15090",192,205,166,82570,84122,85620,2.3,2.4,1.9
"15091",92,97,238,64016,63054,62558,1.4,1.5,3.8
"15092",393,299,175,56204,57325,58385,7,5.2,3
"15093",18,53,32,29382,29830,30276,0.61,1.8,1.1
"15094",38,34,22,19260,19558,19850,2,1.7,1.1
"15095",209,347,466,96696,99985,102889,2.2,3.5,4.5
"15096",27,73,56,35660,36213,36762,0.76,2,1.5
"15097",8,22,23,18255,18510,18774,0.44,1.2,1.2
"15098",3,4,8,5404,5506,5602,0.56,0.73,1.4
"15099",1950,2057,1834,249351,254266,258904,7.8,8.1,7.1
"15100",110,143,171,38862,40403,41752,2.8,3.5,4.1
"15101",162,141,163,74411,75622,76828,2.2,1.9,2.1
"15102",3,10,10,16112,16328,16548,0.19,0.61,0.6
"15103",166,199,94,48224,48814,49420,3.4,4.1,1.9
"15104",5647,6025,6598,684800,688350,692908,8.2,8.8,9.5
"15105",5,10,8,33933,34028,34188,0.15,0.29,0.23
"15106",6154,6407,6206,864296,879108,893592,7.1,7.3,6.9
"15107",38,38,20,12772,12978,13173,3,2.9,1.5
"15108",464,455,622,92931,91326,90474,5,5,6.9
"15109",2232,2964,3598,554724,565130,575110,4,5.2,6.3
"15110",116,177,170,65708,67172,68554,1.8,2.6,2.5
"15111",8,24,35,50392,51298,52202,0.16,0.47,0.67
"15112",15,14,25,47421,48274,49112,0.32,0.29,0.51
"15113",68,80,62,63588,64802,65988,1.1,1.2,0.94
"15114",15,30,74,100605,102898,105086,0.15,0.29,0.7
"15115",90,95,136,47977,48366,48839,1.9,2,2.8
"15116",9,4,3,4220,4260,4306,2.1,0.94,0.7
"15117",14,9,17,15881,16098,16314,0.88,0.56,1
"15118",287,431,513,180903,185988,190636,1.6,2.3,2.7
"15119",7,11,8,16916,17026,17175,0.41,0.65,0.47
"15120",441,823,975,172294,177244,181717,2.6,4.6,5.4
"15121",3585,4918,5873,533982,540154,546575,6.7,9.1,11
"15122",2684,3037,2642,375193,380819,386646,7.2,8,6.8
"15123",11,10,18,28531,28529,28646,0.39,0.35,0.63
"15124",5,23,37,96210,97802,99412,0.052,0.24,0.37
"15125",9,21,33,11054,11380,11673,0.81,1.8,2.8
"16001",11,12,8,11264,11328,11391,0.98,1.1,0.7
"16002",12,10,23,16372,16269,16207,0.73,0.61,1.4
"16003",10,13,16,21540,21718,21884,0.46,0.6,0.73
"16004",1,2,5,15338,15570,15761,0.065,0.13,0.32
"16005",2,1,3,10980,11026,11077,0.18,0.091,0.27
"16006",290,248,267,126474,127129,127854,2.3,2,2.1
"16007",1,3,0,3368,3423,3472,0.3,0.88,0
"16008",37,10,28,24133,24296,24460,1.5,0.41,1.1
"16009",27,33,41,35767,35998,36230,0.75,0.92,1.1
"16010",26,12,16,22062,22026,22054,1.2,0.54,0.73
"16011",18,21,29,10940,11020,11094,1.6,1.9,2.6
"16012",29,35,68,43465,43798,44122,0.67,0.8,1.5
"16013",14,14,4,9286,9198,9139,1.5,1.5,0.44
"16014",14,14,12,14792,15026,15223,0.95,0.93,0.79
"16015",8,18,21,17756,17595,17500,0.45,1,1.2
"16016",14,16,5,20894,20958,21018,0.67,0.76,0.24
"16017",6,25,13,33667,33820,33993,0.18,0.74,0.38
"16018",6,4,4,9222,9291,9358,0.65,0.43,0.43
"16019",3,5,5,20114,20222,20332,0.15,0.25,0.25
"16020",46,39,53,28870,29024,29180,1.6,1.3,1.8
"16021",4,2,5,12602,12740,12868,0.32,0.16,0.39
"16022",33,34,55,22368,22537,22690,1.5,1.5,2.4
"16023",1,3,8,10122,10110,10112,0.099,0.3,0.79
"16024",8,10,6,18832,19065,19276,0.42,0.52,0.31
"16025",8,15,10,38112,38790,39388,0.21,0.39,0.25
"16026",1,0,6,5325,5284,5260,0.19,0,1.1
"16027",0,4,3,5197,5137,5093,0,0.78,0.59
"16028",7,12,11,5621,5596,5576,1.2,2.1,2
"16029",2,2,4,14586,14593,14623,0.14,0.14,0.27
"16030",15,53,37,13060,13073,13090,1.1,4.1,2.8
"16031",3,7,11,16433,16393,16390,0.18,0.43,0.67
"16032",6,3,1,15001,15124,15234,0.4,0.2,0.066
"16033",17,22,26,21812,21925,22046,0.78,1,1.2
"16034",89,95,140,120174,120784,121478,0.74,0.79,1.2
"16035",15,6,17,33212,33154,33181,0.45,0.18,0.51
"16036",6,4,6,11822,11861,11902,0.51,0.34,0.5
"16037",3,7,6,8128,8140,8145,0.37,0.86,0.74
"16038",25,23,16,42448,42321,42261,0.59,0.54,0.38
"16039",5,5,6,8107,8144,8187,0.62,0.61,0.73
"16040",10,17,12,16863,16968,17077,0.59,1,0.7
"16041",3,9,6,15706,16100,16435,0.19,0.56,0.37
"16042",21,3,16,13850,13883,13917,1.5,0.22,1.1
"16043",39,52,47,65310,65574,65892,0.6,0.79,0.71
"16044",4,5,4,13451,13442,13440,0.3,0.37,0.3
"16045",37,52,57,35098,35326,35538,1.1,1.5,1.6
"16046",17,7,3,14025,14151,14268,1.2,0.49,0.21
"16047",8,7,10,20346,20414,20500,0.39,0.34,0.49
"16048",4,8,6,5694,5752,5804,0.7,1.4,1
"16049",30,21,17,17872,17984,18099,1.7,1.2,0.94
"16050",65,61,93,83208,84212,85143,0.78,0.72,1.1
"16051",12,16,10,13638,13854,14036,0.88,1.2,0.71
"16052",264,208,265,184248,185842,187422,1.4,1.1,1.4
"16053",4393,5039,4824,748758,754213,759692,5.9,6.7,6.3
"16054",4,5,5,8148,8061,8000,0.49,0.62,0.62
"16055",45,31,41,46416,46832,47222,0.97,0.66,0.87
"16056",10,8,14,27837,27987,28150,0.36,0.29,0.5
"16057",9,10,7,7894,7856,7836,1.1,1.3,0.89
"16058",6,11,17,19669,19950,20203,0.31,0.55,0.84
"16059",5,3,1,8415,8450,8486,0.59,0.36,0.12
"16060",4,3,7,9733,9738,9756,0.41,0.31,0.72
"16061",0,9,7,23077,23180,23306,0,0.39,0.3
"16062",3,9,6,19771,19802,19850,0.15,0.45,0.3
"16063",4,7,15,16261,16229,16222,0.25,0.43,0.92
"16064",15,7,16,26044,26226,26403,0.58,0.27,0.61
"16065",11,22,46,35692,35972,36249,0.31,0.61,1.3
"16066",104,106,131,90361,91099,91818,1.2,1.2,1.4
"16067",4,1,5,17470,17504,17542,0.23,0.057,0.29
"16068",11,27,17,26481,26916,27298,0.42,1,0.62
"16069",203,173,218,102488,103334,104132,2,1.7,2.1
"16070",4,13,6,15506,15437,15399,0.26,0.84,0.39
"16071",25,27,38,69021,69195,69414,0.36,0.39,0.55
"16072",8,8,17,13878,13955,14031,0.58,0.57,1.2
"16073",14,19,15,26336,26552,26756,0.53,0.72,0.56
"16074",9,7,22,10174,10200,10230,0.88,0.69,2.2
"16075",50,57,76,67584,68909,70040,0.74,0.83,1.1
"16076",84,86,110,75986,77110,78094,1.1,1.1,1.4
"16077",19,18,10,18878,18962,19036,1,0.95,0.53
"16078",2,5,2,12875,12930,12985,0.16,0.39,0.15
"16079",20,19,27,47137,47805,48406,0.42,0.4,0.56
"16080",4,6,3,19108,19329,19532,0.21,0.31,0.15
"16081",9,8,0,8980,9060,9134,1,0.88,0
"16082",72,62,67,72820,73806,74696,0.99,0.84,0.9
"16083",30,19,52,30302,30558,30810,0.99,0.62,1.7
"16084",7,9,11,28856,29205,29528,0.24,0.31,0.37
"16085",17,13,8,33492,33671,33844,0.51,0.39,0.24
"16086",24,26,30,15394,15394,15414,1.6,1.7,1.9
"16087",10,12,24,13933,14033,14126,0.72,0.86,1.7
"16088",127,118,113,86626,90217,93214,1.5,1.3,1.2
"16089",21,14,33,23317,23320,23362,0.9,0.6,1.4
"16090",3,5,9,14362,14488,14608,0.21,0.35,0.62
"16091",2,5,2,13838,13912,13982,0.14,0.36,0.14
"16092",16,6,8,14460,14438,14446,1.1,0.42,0.55
"16093",9,9,12,28247,28412,28584,0.32,0.32,0.42
"16094",7,5,5,6960,6939,6922,1,0.72,0.72
"16095",3,1,12,11958,12104,12220,0.25,0.083,0.98
"16096",0,0,6,7937,7840,7777,0,0,0.77
"16097",11,8,11,32260,32109,32037,0.34,0.25,0.34
"16098",11,21,28,26548,26660,26791,0.41,0.79,1
"16099",14,17,4,16570,16604,16648,0.84,1,0.24
"16100",6,11,7,14004,14140,14268,0.43,0.78,0.49
"16101",4,1,4,9231,9131,9064,0.43,0.11,0.44
"16102",881,856,935,326738,330484,333916,2.7,2.6,2.8
"16103",22,28,52,24054,24199,24328,0.91,1.2,2.1
"16104",6,10,7,17426,17532,17624,0.34,0.57,0.4
"16105",34,39,39,19422,19518,19610,1.8,2,2
"16106",33,80,54,31117,31488,31822,1.1,2.5,1.7
"16107",54,46,48,74639,74786,74984,0.72,0.62,0.64
"16108",293,232,306,191048,192364,193675,1.5,1.2,1.6
"16109",1,0,1,3288,3273,3262,0.3,0,0.31
"16110",50,42,59,47564,47732,47918,1.1,0.88,1.2
"16111",17,7,18,15656,15778,15900,1.1,0.44,1.1
"16112",172,233,263,160978,162798,164480,1.1,1.4,1.6
"16113",7,6,11,26160,26292,26414,0.27,0.23,0.42
"17001",2,21,23,17568,17785,18000,0.11,1.2,1.3
"17002",8,33,44,20360,21013,21572,0.39,1.6,2
"17003",36,34,65,34804,35198,35604,1,0.97,1.8
"17004",115,75,68,81793,82906,83996,1.4,0.9,0.81
"17005",9,13,17,9842,9982,10108,0.91,1.3,1.7
"17006",1223,1322,1279,181042,183221,185411,6.8,7.2,6.9
"17007",5787,4880,5154,374500,377666,381042,15,13,14
"17008",344,342,446,87997,89910,91664,3.9,3.8,4.9
"17009",29,117,91,18150,18477,18784,1.6,6.3,4.8
"17010",6,17,26,16287,16530,16765,0.37,1,1.6
"17011",1814,2102,1973,203616,206179,208781,8.9,10,9.5
"17012",197,289,294,56667,57222,57798,3.5,5.1,5.1
"17013",10,53,51,15026,15178,15335,0.67,3.5,3.3
"17014",2,19,11,9718,9812,9908,0.21,1.9,1.1
"17015",46,63,39,25829,26130,26436,1.8,2.4,1.5
"17016",3,17,11,17346,17515,17694,0.17,0.97,0.62
"17017",175,194,201,63504,64222,64964,2.8,3,3.1
"17018",662,610,526,111748,113124,114528,5.9,5.4,4.6
"17019",1,16,27,26149,26423,26702,0.038,0.61,1
"17020",36,101,63,43446,44192,44890,0.83,2.3,1.4
"17021",4,22,20,7756,7880,7994,0.52,2.8,2.5
"17022",0,12,4,19770,19995,20234,0,0.6,0.2
"17023",0,6,4,6870,6952,7032,0,0.86,0.57
"17024",27,131,142,50389,50942,51502,0.54,2.6,2.8
"17025",11,53,75,32339,32619,32918,0.34,1.6,2.3
"17026",8,19,39,17204,17465,17718,0.47,1.1,2.2
"17027",0,7,14,11080,11174,11280,0,0.63,1.2
"17028",296,260,292,66437,67714,68900,4.5,3.8,4.2
"17029",725,820,1014,102094,103791,105382,7.1,7.9,9.6
"17030",39,118,145,48942,49810,50632,0.8,2.4,2.9
"17031",29,151,138,35852,36102,36377,0.81,4.2,3.8
"17032",1,6,1,9456,9599,9732,0.11,0.63,0.1
"17033",5,5,10,15420,15772,16109,0.32,0.32,0.62
"18001",93,59,43,37796,38188,38553,2.5,1.5,1.1
"18002",13,10,10,15824,16024,16197,0.82,0.62,0.62
"18003",4,7,4,11542,11706,11823,0.35,0.6,0.34
"18004",98,73,44,73772,75014,76161,1.3,0.97,0.58
"18005",8,13,8,11748,11877,12048,0.68,1.1,0.66
"18006",33,33,13,28266,28601,28942,1.2,1.2,0.45
"18007",9,14,4,18454,18697,18905,0.49,0.75,0.21
"18008",95,49,45,51816,52902,53901,1.8,0.93,0.83
"18009",34,21,19,35576,35983,36500,0.96,0.58,0.52
"18010",30,35,30,35564,35929,36299,0.84,0.97,0.83
"18011",58,47,27,24525,24900,25258,2.4,1.9,1.1
"18012",38,33,17,45386,46226,46969,0.84,0.71,0.36
"18013",11,6,18,7724,7770,7844,1.4,0.77,2.3
"18014",25,16,8,23109,23296,23521,1.1,0.69,0.34
"18015",89,80,31,97060,98452,99747,0.92,0.81,0.31
"18016",50,52,21,41108,41492,41939,1.2,1.3,0.5
"18017",1008,691,510,400847,408984,416455,2.5,1.7,1.2
"18018",25,29,18,31025,31344,31667,0.81,0.93,0.57
"18019",4,4,3,14167,14400,14646,0.28,0.28,0.2
"18020",205,150,82,138396,144920,150336,1.5,1,0.55
"19001",0,0,0,2840,0,0,0,0,0
"19002",0,0,0,3468,0,0,0,0,0
"19003",0,0,0,1342,0,0,0,0,0
"19004",0,0,0,33738,0,0,0,0,0
"19005",0,0,0,18818,0,0,0,0,0
"19006",2169,1702,668,555570,569896,583239,3.9,3,1.1
"19007",0,0,0,15767,0,0,0,0,0
"19008",0,0,0,3914,0,0,0,0,0
"19009",365,403,0,90712,91899,0,4,4.4,0
"19010",0,0,0,18220,0,0,0,0,0
"19011",0,0,0,7926,0,0,0,0,0
"19012",0,0,0,27651,0,0,0,0,0
"19013",0,0,0,11076,0,0,0,0,0
"19014",0,0,0,36204,0,0,0,0,0
"19015",0,0,0,1758,0,0,0,0,0
"19016",0,0,0,3435,0,0,0,0,0
"19017",29,24,0,40680,40756,0,0.71,0.59,0
"19018",243,158,0,161703,167845,0,1.5,0.94,0
"19019",371,214,176,126092,127310,128648,2.9,1.7,1.4
"19020",0,0,0,5616,0,0,0,0,0
"19021",1136,636,334,376865,385024,392848,3,1.7,0.85
"19022",0,0,0,14689,0,0,0,0,0
"19023",0,0,0,1263,0,0,0,0,0
"19024",0,0,0,6050,0,0,0,0,0
"19025",42,44,0,63174,66005,0,0.66,0.67,0
"19026",6043,3028,2250,687780,689726,693341,8.8,4.4,3.2
"19027",0,0,0,2085,0,0,0,0,0
"19028",0,0,0,1653,0,0,0,0,0
"19029",0,0,0,7075,0,0,0,0,0
"19030",0,0,0,3600,0,0,0,0,0
"19031",613,770,0,288722,299521,0,2.1,2.6,0
"19032",0,0,0,5650,0,0,0,0,0
"19033",170,89,0,81563,82272,0,2.1,1.1,0
"19034",0,0,0,5578,0,0,0,0,0
"19035",0,0,0,846,0,0,0,0,0
"19036",0,0,0,7170,0,0,0,0,0
"19037",0,0,0,5536,0,0,0,0,0
"19038",229,115,0,61224,61739,0,3.7,1.9,0
"19039",14342,6826,3828,1156558,1161984,1169441,12,5.9,3.3
"19040",0,0,0,1074,0,0,0,0,0
"19041",0,0,0,23598,0,0,0,0,0
"19042",0,0,0,5286,0,0,0,0,0
"19043",0,0,0,2679,0,0,0,0,0
"19044",0,0,0,35784,0,0,0,0,0
"19045",0,0,0,34179,0,0,0,0,0
"19046",3691,1770,1103,448141,446079,446532,8.2,4,2.5
"19047",0,0,0,17110,0,0,0,0,0
"19048",1021,879,433,275723,278016,280784,3.7,3.2,1.5
"19049",208,99,0,41682,41949,0,5,2.4,0
"19050",0,0,0,2025,0,0,0,0,0
"19051",0,0,0,4168,0,0,0,0,0
"2001",2231,2303,1987,490568,499254,507642,4.5,4.6,3.9
"2002",13446,11790,10942,977608,991453,1005227,14,12,11
"2003",810,758,752,105662,107247,108803,7.7,7.1,6.9
"2004",17530,14218,13313,1631186,1657312,1683398,11,8.6,7.9
"2005",750,681,787,96985,99585,101943,7.7,6.8,7.7
"20067",3961,3231,3002,267883,268051,268677,15,12,11
"20079",312,291,246,84979,85687,86346,3.7,3.4,2.8
"20184",221,546,468,160548,161878,163172,1.4,3.4,2.9
"20318",0,0,288,0,0,47864,0,0,6
"20324",0,25,0,0,46178,0,0,0.54,0
"20338",0,67,0,0,10014,0,0,6.7,0
"20385",0,125,64,0,83428,84649,0,1.5,0.76
"20390",0,102,0,0,48926,0,0,2.1,0
"20551",0,56,15,0,21036,21093,0,2.7,0.71
"21001",27,24,25,62760,63646,64496,0.43,0.38,0.39
"21002",0,3,3,9143,9208,9270,0,0.33,0.32
"21003",13,36,48,34727,34982,35240,0.37,1,1.4
"21004",53,56,56,54126,54890,55634,0.98,1,1
"21005",0,0,0,2948,2968,2987,0,0,0
"21006",0,2,7,15159,15300,15434,0,0.13,0.45
"21007",0,1,1,3454,3454,3458,0,0.29,0.29
"21008",3,14,19,10804,10920,11032,0.28,1.3,1.7
"21009",0,2,1,2046,2052,2058,0,0.97,0.49
"21010",15,12,14,62741,63495,64257,0.24,0.19,0.22
"21011",0,0,1,1804,1808,1812,0,0,0.55
"21012",0,7,11,6452,6499,6547,0,1.1,1.7
"21013",2,3,6,19674,19946,20205,0.1,0.15,0.3
"21014",0,0,0,5060,5068,5084,0,0,0
"21015",22,74,120,108010,111120,113837,0.2,0.67,1.1
"21016",0,0,1,8054,8116,8174,0,0,0.12
"21017",1,10,10,26419,26815,27196,0.038,0.37,0.37
"21018",0,1,0,3793,3798,3807,0,0.26,0
"21019",225,162,246,130440,131532,132654,1.7,1.2,1.9
"21020",0,0,0,6570,6610,6652,0,0,0
"21021",0,0,3,1247,1250,1252,0,0,2.4
"21022",0,5,11,12018,12129,12232,0,0.41,0.9
"21023",0,3,5,8615,8666,8722,0,0.35,0.57
"21024",0,0,0,961,964,965,0,0,0
"21025",2,1,6,8355,8410,8470,0.24,0.12,0.71
"21026",2,6,9,14004,14074,14152,0.14,0.43,0.64
"21027",0,2,1,4157,4144,4112,0,0.48,0.24
"21028",0,0,1,2550,2582,2601,0,0,0.38
"21029",1,0,0,3854,3868,3884,0.26,0,0
"21030",0,0,0,779,784,790,0,0,0
"21031",0,0,0,2978,2972,2960,0,0,0
"21032",0,1,0,1291,1288,1283,0,0.78,0
"21033",1,1,1,4939,4998,5049,0.2,0.2,0.2
"21034",3,16,40,36252,36910,37510,0.083,0.43,1.1
"21035",2,3,8,19920,19961,20031,0.1,0.15,0.4
"21036",0,0,1,14618,14764,14886,0,0,0.067
"21037",0,0,2,2375,2378,2378,0,0,0.84
"21038",4,9,9,9210,9409,9589,0.43,0.96,0.94
"21039",1,0,0,9502,9606,9696,0.11,0,0
"21040",0,2,3,10094,10344,10550,0,0.19,0.28
"21041",16,97,248,86717,90188,93126,0.18,1.1,2.7
"21042",0,1,0,3062,3056,3041,0,0.33,0
"21043",3,23,22,48416,48668,48961,0.062,0.47,0.45
"21044",1,6,6,15807,15946,16088,0.063,0.38,0.37
"21045",102,101,66,45285,45777,46254,2.3,2.2,1.4
"21046",1,3,9,7266,7364,7458,0.14,0.41,1.2
"21047",0,6,12,19440,19534,19636,0,0.31,0.61
"21048",0,3,8,19446,19694,19930,0,0.15,0.4
"21049",1,1,4,16354,16562,16760,0.061,0.06,0.24
"21050",0,1,1,24508,24592,24706,0,0.041,0.04
"21051",5,17,22,34712,34902,35105,0.14,0.49,0.63
"21052",0,0,0,1254,1261,1265,0,0,0
"21053",49,69,34,60285,61167,61989,0.81,1.1,0.55
"21054",3,10,11,31580,32113,32620,0.095,0.31,0.34
"21055",1,4,3,4796,4813,4832,0.21,0.83,0.62
"21056",0,0,1,1257,1259,1260,0,0,0.79
"21057",3,3,6,7736,7828,7908,0.39,0.38,0.76
"21058",0,0,8,19638,19713,19806,0,0,0.4
"21059",2,1,4,2545,2568,2588,0.79,0.39,1.5
"21060",3,4,12,7364,7543,7700,0.41,0.53,1.6
"21061",0,2,5,12927,13049,13164,0,0.15,0.38
"21062",1,2,2,4744,4790,4830,0.21,0.42,0.41
"21063",20,38,21,14080,14160,14254,1.4,2.7,1.5
"21064",3,5,11,16592,16661,16736,0.18,0.3,0.66
"21065",2,5,5,19636,19832,20030,0.1,0.25,0.25
"21066",1,3,1,6368,6373,6381,0.16,0.47,0.16
"21067",0,11,6,17090,17280,17463,0,0.64,0.34
"21068",0,0,1,7842,7870,7905,0,0,0.13
"21069",1,12,14,25794,25863,25966,0.039,0.46,0.54
"21070",0,1,1,6776,6804,6835,0,0.15,0.15
"21071",260,171,156,100910,102016,103123,2.6,1.7,1.5
"21072",1,3,2,15873,15876,15904,0.063,0.19,0.13
"21073",1,2,2,8898,8960,9020,0.11,0.22,0.22
"21074",131,133,140,65269,65888,66524,2,2,2.1
"21075",0,1,3,12210,12314,12428,0,0.081,0.24
"21076",2,17,12,27228,27361,27520,0.073,0.62,0.44
"21077",0,0,0,6065,6222,6346,0,0,0
"21078",7,4,2,14560,14756,14939,0.48,0.27,0.13
"21079",2,1,2,5472,5529,5584,0.37,0.18,0.36
"21080",0,0,0,2832,2825,2811,0,0,0
"21081",1,0,1,3767,3778,3788,0.27,0,0.26
"21082",3,0,1,8350,8438,8522,0.36,0,0.12
"21083",1,0,3,25674,25699,25762,0.039,0,0.12
"21084",0,0,1,6901,6913,6936,0,0,0.14
"21085",81,121,112,74791,75406,76030,1.1,1.6,1.5
"21086",3,0,5,12854,12942,13036,0.23,0,0.38
"21087",4,2,2,13032,13138,13243,0.31,0.15,0.15
"21088",1,1,0,4653,4656,4664,0.21,0.21,0
"21089",0,1,5,13246,13298,13362,0,0.075,0.37
"21090",1,11,19,19744,20244,20680,0.051,0.54,0.92
"21091",0,7,18,10552,10662,10768,0,0.66,1.7
"21092",0,0,0,5341,5370,5390,0,0,0
"21093",0,2,3,7864,7868,7882,0,0.25,0.38
"21094",6,40,35,32708,33117,33508,0.18,1.2,1
"21095",0,1,0,506,514,516,0,1.9,0
"21096",1,2,1,2717,2746,2773,0.37,0.73,0.36
"21097",1,2,0,2265,2280,2295,0.44,0.88,0
"21098",6,3,3,6426,6491,6547,0.93,0.46,0.46
"21099",2,7,18,19442,19578,19724,0.1,0.36,0.91
"21100",2,2,1,9859,9882,9918,0.2,0.2,0.1
"21101",1,2,2,3683,3712,3738,0.27,0.54,0.54
"21102",0,4,1,12518,12718,12890,0,0.31,0.078
"21103",4,3,9,6208,6276,6336,0.64,0.48,1.4
"21104",2,7,14,28359,28754,29138,0.071,0.24,0.48
"21105",1,2,2,4956,4988,5020,0.2,0.4,0.4
"21106",0,13,14,27216,27844,28408,0,0.47,0.49
"21107",0,1,2,11643,11616,11553,0,0.086,0.17
"21108",12,21,28,17345,17636,17904,0.69,1.2,1.6
"21109",2,5,6,21438,21726,21969,0.093,0.23,0.27
"21110",43,26,32,44304,44786,45276,0.97,0.58,0.71
"21111",3,8,10,18765,18852,18943,0.16,0.42,0.53
"21112",0,7,4,9523,9548,9576,0,0.73,0.42
"21113",0,6,2,4748,4800,4842,0,1.2,0.41
"21114",9061,14441,10970,1583012,1597825,1612526,5.7,9,6.8
"21115",33,34,42,48955,49545,50135,0.67,0.69,0.84
"21116",0,3,2,21801,21955,22101,0,0.14,0.09
"21117",5,10,14,14538,14706,14872,0.34,0.68,0.94
"21118",3,21,7,26218,26415,26642,0.11,0.8,0.26
"21119",357,777,703,107294,110340,112972,3.3,7,6.2
"21120",2,1,0,5334,5424,5501,0.37,0.18,0
"21121",0,0,0,1124,1119,1108,0,0,0
"21122",1,3,7,9786,9919,10042,0.1,0.3,0.7
"21123",0,1,2,4141,4135,4122,0,0.24,0.49
"21124",2,1,7,14978,15177,15368,0.13,0.066,0.46
"21125",0,4,13,8594,8785,8927,0,0.46,1.5
"21126",0,1,3,6052,6146,6221,0,0.16,0.48
"21127",1,3,3,3819,3816,3808,0.26,0.79,0.79
"21128",0,7,11,8358,8451,8542,0,0.83,1.3
"21129",2,3,2,13117,13256,13393,0.15,0.23,0.15
"21130",1,0,3,3498,3518,3540,0.29,0,0.85
"21131",0,1,0,901,912,920,0,1.1,0
"21132",343,461,483,146118,147968,149736,2.3,3.1,3.2
"21133",0,0,0,641,638,628,0,0,0
"21134",0,13,7,20190,20528,20832,0,0.63,0.34
"21135",0,0,0,595,594,593,0,0,0
"21136",0,11,11,11994,12128,12259,0,0.91,0.9
"21137",1,1,2,9524,9644,9758,0.1,0.1,0.2
"21138",0,1,2,11151,11276,11392,0,0.089,0.18
"21139",1,2,4,3672,3714,3750,0.27,0.54,1.1
"21140",265,270,586,124247,125612,126944,2.1,2.1,4.6
"21141",0,1,0,3493,3520,3544,0,0.28,0
"21142",3,19,23,28559,28895,29224,0.11,0.66,0.79
"21143",2,7,10,29984,30620,31188,0.067,0.23,0.32
"21144",2,14,22,14085,14288,14483,0.14,0.98,1.5
"21145",0,0,1,13815,13880,13956,0,0,0.072
"21146",0,0,0,896,900,902,0,0,0
"21147",0,1,2,6066,6094,6123,0,0.16,0.33
"21148",0,10,2,7971,7937,7862,0,1.3,0.25
"21149",2,4,12,23154,23642,24086,0.086,0.17,0.5
"21150",0,4,0,7288,7367,7416,0,0.54,0
"21151",2,2,6,8256,8344,8426,0.24,0.24,0.71
"21152",2,0,3,12011,12094,12180,0.17,0,0.25
"21153",5,15,14,21066,21359,21636,0.24,0.7,0.65
"21154",111,165,114,74416,75518,76582,1.5,2.2,1.5
"21155",3,2,2,5644,5726,5804,0.53,0.35,0.34
"21156",773,809,701,283290,286308,289404,2.7,2.8,2.4
"21157",6,13,8,11712,11833,11938,0.51,1.1,0.67
"21158",2,3,2,6876,6896,6918,0.29,0.44,0.29
"21159",0,0,1,4037,4030,4012,0,0,0.25
"21160",0,0,0,3210,3234,3254,0,0,0
"21161",2,5,11,19739,20030,20308,0.1,0.25,0.54
"21162",0,0,1,4337,4364,4390,0,0,0.23
"21163",1,6,19,16820,17014,17207,0.059,0.35,1.1
"21164",228,210,218,77663,78760,79821,2.9,2.7,2.7
"21165",0,0,1,1144,1141,1132,0,0,0.88
"21166",2,6,3,8334,8428,8516,0.24,0.71,0.35
"21167",0,2,4,10509,10596,10678,0,0.19,0.37
"21168",13,4,4,6753,6804,6858,1.9,0.59,0.58
"21169",1,4,6,21060,21226,21387,0.047,0.19,0.28
"21170",0,3,5,16747,16829,16928,0,0.18,0.3
"21171",0,0,1,3526,3586,3627,0,0,0.28
"21172",0,4,4,26538,26763,26992,0,0.15,0.15
"21173",0,4,5,5840,5885,5934,0,0.68,0.84
"21174",165,163,105,94782,95607,96464,1.7,1.7,1.1
"21175",0,1,8,10004,10050,10105,0,0.1,0.79
"21176",2,2,7,8576,8616,8664,0.23,0.23,0.81
"21177",14,12,24,49768,50250,50763,0.28,0.24,0.47
"21178",1,4,4,17372,17407,17462,0.058,0.23,0.23
"21179",7,10,13,29400,29676,29956,0.24,0.34,0.43
"21180",8,9,11,37707,38118,38523,0.21,0.24,0.29
"21181",1,6,3,6490,6562,6632,0.15,0.91,0.45
"21182",1,0,3,4960,5001,5046,0.2,0,0.59
"21183",7,4,5,20252,20368,20508,0.35,0.2,0.24
"21184",0,2,1,6591,6654,6706,0,0.3,0.15
"21185",1,2,3,8654,8734,8809,0.12,0.23,0.34
"21186",3,19,16,53268,53892,54489,0.056,0.35,0.29
"21187",1,1,1,5515,5532,5548,0.18,0.18,0.18
"21188",2,3,5,17814,18110,18378,0.11,0.17,0.27
"21189",2,9,6,20372,20606,20840,0.098,0.44,0.29
"21190",0,1,0,1184,1192,1198,0,0.84,0
"21191",1,7,7,9531,9636,9727,0.1,0.73,0.72
"21192",0,0,0,6118,6162,6182,0,0,0
"21193",0,1,0,6429,6496,6556,0,0.15,0
"21194",14,42,37,28740,29011,29283,0.49,1.4,1.3
"21195",1,6,3,25395,25848,26227,0.039,0.23,0.11
"21196",1,0,0,1737,1770,1783,0.58,0,0
"21197",20,53,87,77764,78439,79143,0.26,0.68,1.1
"21198",0,0,0,1262,1267,1272,0,0,0
"21199",1,12,10,39145,39571,40011,0.026,0.3,0.25
"21200",1,1,0,3964,3971,3975,0.25,0.25,0
"21201",0,0,1,3278,3308,3338,0,0,0.3
"21202",1,2,4,12522,12598,12683,0.08,0.16,0.32
"21203",1,1,0,6268,6341,6409,0.16,0.16,0
"21204",1,0,2,7752,7829,7908,0.13,0,0.25
"21205",1,6,10,23798,24082,24366,0.042,0.25,0.41
"21206",0,0,0,4362,4406,4447,0,0,0
"21207",37,21,18,54724,55190,55682,0.68,0.38,0.32
"21208",120,50,116,78938,79979,80910,1.5,0.63,1.4
"21209",0,3,6,8462,8549,8634,0,0.35,0.69
"21210",0,0,0,5772,5832,5859,0,0,0
"21211",4,5,14,15982,16175,16365,0.25,0.31,0.86
"21212",3,4,4,19862,19972,20100,0.15,0.2,0.2
"21213",0,4,7,12796,12856,12931,0,0.31,0.54
"21214",1,3,9,16226,16422,16610,0.062,0.18,0.54
"21215",0,0,0,4738,4790,4830,0,0,0
"21216",0,0,0,2677,2684,2692,0,0,0
"21217",2,2,2,21029,21166,21293,0.095,0.094,0.094
"22001",46,59,31,63688,64301,64992,0.72,0.92,0.48
"22002",4,3,3,27493,27616,27794,0.15,0.11,0.11
"22003",2,0,1,13054,13083,13138,0.15,0,0.076
"22004",31,29,35,66008,66794,67630,0.47,0.43,0.52
"22005",31,40,20,59897,60644,61438,0.52,0.66,0.33
"22006",193,255,256,153852,159103,163697,1.3,1.6,1.6
"22007",52,54,37,39095,39524,39993,1.3,1.4,0.93
"22008",15,22,13,36417,36780,37204,0.41,0.6,0.35
"22009",12,7,17,26574,27024,27470,0.45,0.26,0.62
"22010",5,9,5,20247,20342,20474,0.25,0.44,0.24
"22011",128,210,244,126895,132020,136550,1,1.6,1.8
"22012",81,72,69,66091,67033,68000,1.2,1.1,1
"22013",3,1,1,18792,18912,19060,0.16,0.053,0.052
"22014",2757,3113,3255,825488,835945,846770,3.3,3.7,3.8
"22015",1,2,3,9158,9292,9428,0.11,0.22,0.32
"22016",483,632,491,251345,255718,259957,1.9,2.5,1.9
"22017",70,58,49,65831,66908,67953,1.1,0.87,0.72
"22018",2,6,7,27029,27306,27614,0.074,0.22,0.25
"23001",118,121,92,83742,85729,87821,1.4,1.4,1
"23002",41,73,63,79508,81627,83800,0.52,0.89,0.75
"23003",29,19,8,17454,18064,18658,1.7,1.1,0.43
"23004",357,540,503,219772,225351,231113,1.6,2.4,2.2
"23005",2034,1191,1199,705854,727528,749392,2.9,1.6,1.6
"23006",23,18,24,38048,38918,39844,0.6,0.46,0.6
"23007",8,6,4,26804,27480,28176,0.3,0.22,0.14
"23008",539,489,353,176742,185664,194103,3,2.6,1.8
"23009",105,35,52,30582,31731,32861,3.4,1.1,1.6
"23010",29,87,111,39230,40445,41652,0.74,2.2,2.7
"24001",12,2,4,19164,19221,19376,0.63,0.1,0.21
"24002",2,0,0,8347,8360,8394,0.24,0,0
"24003",12,0,2,48179,48233,48429,0.25,0,0.041
"24004",1,0,1,4481,4467,4457,0.22,0,0.22
"24005",21,2,0,19436,19488,19624,1.1,0.1,0
"24006",0,0,0,9906,9922,9964,0,0,0
"24007",4,1,0,19063,19131,19314,0.21,0.052,0
"24008",9,0,0,21822,21857,21951,0.41,0,0
"24009",0,0,1,4254,4289,4375,0,0,0.23
"24010",12,8,0,31926,31973,32118,0.38,0.25,0
"24011",23,2,0,44716,44844,45200,0.51,0.045,0
"24012",17,4,1,21333,21353,21424,0.8,0.19,0.047
"24013",229,54,7,172666,173300,174964,1.3,0.31,0.04
"24014",3,0,2,17173,17139,17124,0.17,0,0.12
"24015",8,2,0,21612,21659,21786,0.37,0.092,0
"24016",39,2,5,42820,42978,43386,0.91,0.047,0.12
"24017",26,4,8,26410,26432,26502,0.98,0.15,0.3
"24018",9,1,1,15596,15621,15703,0.58,0.064,0.064
"24019",0,1,0,5854,5856,5859,0,0.17,0
"24020",92,28,0,94850,95291,96432,0.97,0.29,0
"24021",7,7,5,55424,55682,56361,0.13,0.13,0.089
"24022",4,1,1,19807,19853,19982,0.2,0.05,0.05
"24023",7,2,0,16118,16158,16256,0.43,0.12,0
"24024",165,15,0,94558,94863,95666,1.7,0.16,0
"24025",23,1,2,31284,31421,31784,0.74,0.032,0.063
"24026",2,1,0,9524,9529,9552,0.21,0.1,0
"24027",14,0,3,10336,10343,10367,1.4,0,0.29
"24028",4748,1085,409,795659,798606,806545,6,1.4,0.51
"24029",6,1,4,21496,21436,21398,0.28,0.047,0.19
"24030",0,1,3,5515,5501,5491,0,0.18,0.55
"24031",0,1,1,12108,12136,12215,0,0.082,0.082
"24032",20,4,3,41570,41723,42131,0.48,0.096,0.071
"24033",4,0,1,12321,12350,12423,0.32,0,0.08
"24034",5,1,4,15506,15578,15755,0.32,0.064,0.25
"24035",80,51,63,281868,283987,289313,0.28,0.18,0.22
"24036",12,4,24,29586,29661,29859,0.41,0.13,0.8
"24037",10,23,24,98558,98710,99202,0.1,0.23,0.24
"24038",0,0,1,16004,16007,16028,0,0,0.062
"24039",2,1,1,14532,14551,14611,0.14,0.069,0.068
"24040",41,5,6,39054,39180,39518,1,0.13,0.15
"24041",2,2,1,19529,19538,19582,0.1,0.1,0.051
"24042",6,1,4,14762,14808,14927,0.41,0.068,0.27
"24043",4,1,3,9130,9129,9140,0.44,0.11,0.33
"24044",0,1,1,8160,8192,8272,0,0.12,0.12
"24045",5,1,1,14726,14744,14800,0.34,0.068,0.068
"24046",7,1,5,16772,16826,16973,0.42,0.059,0.29
"24047",1,0,1,9979,9994,10034,0.1,0,0.1
"24048",0,0,1,5504,5519,5561,0,0,0.18
"24049",14,0,20,39136,39277,39654,0.36,0,0.5
"24050",1,1,4,48594,48817,49404,0.021,0.02,0.081
"24051",2,2,1,15224,15258,15350,0.13,0.13,0.065
"24052",1,1,2,10372,10382,10408,0.096,0.096,0.19
"24053",2,3,3,33726,33753,33854,0.059,0.089,0.089
"24054",27,4,0,52139,52158,52272,0.52,0.077,0
"24055",3,1,1,25443,25550,25837,0.12,0.039,0.039
"24056",11,1,3,16048,16110,16278,0.69,0.062,0.18
"24057",1,1,1,30648,30658,30719,0.033,0.033,0.033
"24058",0,4,0,21227,21314,21538,0,0.19,0
"25001",1217,1132,998,436162,440849,445333,2.8,2.6,2.2
"25002",146,197,135,46834,47192,47522,3.1,4.2,2.8
"25003",65,82,39,30697,30400,30243,2.1,2.7,1.3
"25004",46,58,53,29644,29847,30048,1.6,1.9,1.8
"25005",22,19,12,17074,16905,16812,1.3,1.1,0.71
"25006",7657,6622,5512,902386,913231,923662,8.5,7.3,6
"25007",46,51,44,34103,34240,34398,1.3,1.5,1.3
"25008",44,60,67,43820,43305,43018,1,1.4,1.6
"25009",52,57,67,56726,57332,57902,0.92,0.99,1.2
"25010",234,278,219,101446,102166,102877,2.3,2.7,2.1
"25011",498,532,532,298312,300866,303376,1.7,1.8,1.8
"25012",2254,1644,1576,460935,466636,471941,4.9,3.5,3.3
"25013",187,139,167,47440,47631,47820,3.9,2.9,3.5
"25014",86,101,75,51186,51481,51782,1.7,2,1.4
"25015",381,247,228,82194,82741,83322,4.6,3,2.7
"25016",77,60,39,23080,22962,22902,3.3,2.6,1.7
"25017",88,95,94,91491,91914,92388,0.96,1,1
"25018",863,433,384,139663,139895,140375,6.2,3.1,2.7
"26001",0,0,0,2732,0,0,0,0,0
"26002",240,236,109,83018,84382,85175,2.9,2.8,1.3
"26003",0,0,0,26690,0,0,0,0,0
"26004",0,0,0,9384,0,0,0,0,0
"26005",0,0,0,1270,0,0,0,0,0
"26006",0,0,0,3118,0,0,0,0,0
"26007",0,0,0,617,0,0,0,0,0
"26008",0,0,0,1269,0,0,0,0,0
"26009",0,0,0,802,0,0,0,0,0
"26010",0,0,0,1530,0,0,0,0,0
"26011",0,0,0,1728,0,0,0,0,0
"26012",0,0,0,23780,0,0,0,0,0
"26013",0,0,0,1715,0,0,0,0,0
"26014",0,0,0,3652,0,0,0,0,0
"26015",0,0,0,1514,0,0,0,0,0
"26016",0,0,0,5380,0,0,0,0,0
"26017",162,177,135,85858,87492,88412,1.9,2,1.5
"26018",1568,1392,816,427482,433306,436688,3.7,3.2,1.9
"26019",0,0,0,33854,0,0,0,0,0
"26020",0,0,0,5630,0,0,0,0,0
"26021",0,0,0,1678,0,0,0,0,0
"26022",0,0,0,1015,0,0,0,0,0
"26023",0,0,0,6629,0,0,0,0,0
"26024",0,0,0,868,0,0,0,0,0
"26025",159,0,0,56186,56782,0,2.8,0,0
"26026",60,0,0,63167,63916,0,0.95,0,0
"26027",0,0,0,9100,0,0,0,0,0
"26028",0,0,0,1216,0,0,0,0,0
"26029",274,299,193,156449,158820,160175,1.8,1.9,1.2
"26030",3734,3853,2307,823852,837392,845183,4.5,4.6,2.7
"26031",0,0,0,1402,0,0,0,0,0
"26032",0,0,0,997,0,0,0,0,0
"26033",255,191,88,82162,82960,83436,3.1,2.3,1.1
"26034",0,0,0,1200,0,0,0,0,0
"26035",0,0,0,13002,0,0,0,0,0
"26036",0,0,0,31384,0,0,0,0,0
"26038",0,0,0,4869,0,0,0,0,0
"26039",0,0,0,6626,0,0,0,0,0
"26040",0,0,0,2158,0,0,0,0,0
"26041",0,0,0,13242,0,0,0,0,0
"26042",455,416,231,164462,166602,167849,2.8,2.5,1.4
"26043",971,812,448,231456,235352,237616,4.2,3.5,1.9
"26044",0,0,0,408,0,0,0,0,0
"26045",0,0,0,2987,0,0,0,0,0
"26046",0,0,0,463,0,0,0,0,0
"26047",0,0,0,9777,0,0,0,0,0
"26048",238,219,71,61698,63436,64384,3.9,3.5,1.1
"26049",0,0,0,3471,0,0,0,0,0
"26050",0,0,0,1636,0,0,0,0,0
"26051",0,0,0,5348,0,0,0,0,0
"26052",0,0,0,6192,0,0,0,0,0
"26053",0,0,0,428,0,0,0,0,0
"26054",0,0,0,575,0,0,0,0,0
"26055",567,631,316,187263,190326,192077,3,3.3,1.6
"26056",0,0,0,9168,0,0,0,0,0
"26057",0,0,0,1683,0,0,0,0,0
"26058",0,0,0,16698,0,0,0,0,0
"26059",0,0,0,2084,0,0,0,0,0
"26060",0,0,0,2784,0,0,0,0,0
"26061",0,0,0,1325,0,0,0,0,0
"26062",0,0,0,1144,0,0,0,0,0
"26063",0,0,0,1436,0,0,0,0,0
"26064",0,0,0,1774,0,0,0,0,0
"26065",0,0,0,1762,0,0,0,0,0
"26066",0,0,0,9552,0,0,0,0,0
"26067",0,0,0,1814,0,0,0,0,0
"26068",0,0,0,1258,0,0,0,0,0
"26069",0,0,0,6154,0,0,0,0,0
"26070",0,0,0,16723,0,0,0,0,0
"26071",0,0,0,22839,0,0,0,0,0
"26072",0,0,0,14633,0,0,0,0,0
"27001",195,162,78,57424,57679,57847,3.4,2.8,1.3
"27002",1450,1293,1041,254592,257331,259843,5.7,5,4
"27003",256,261,224,103840,104597,105364,2.5,2.5,2.1
"27004",6400,5553,5400,661290,670640,678628,9.7,8.3,8
"27005",986,757,737,196952,198788,200508,5,3.8,3.7
"27006",732,723,681,129442,130784,132013,5.7,5.5,5.2
"27007",154,124,138,30178,30464,30722,5.1,4.1,4.5
"27008",623,689,535,182338,183676,185034,3.4,3.8,2.9
"27009",86,91,101,37078,37348,37599,2.3,2.4,2.7
"27010",303,252,206,85590,86588,87481,3.5,2.9,2.4
"27011",114,100,56,29782,29873,29994,3.8,3.3,1.9
"27012",537,360,45,155467,156498,157570,3.5,2.3,0.29
"27013",457,515,489,122490,126074,128949,3.7,4.1,3.8
"27014",351,377,204,88444,89234,89976,4,4.2,2.3
"27015",50,54,50,47051,47367,47691,1.1,1.1,1
"27016",246,239,181,54538,54971,55396,4.5,4.3,3.3
"27017",183,218,209,59608,59868,60166,3.1,3.6,3.5
"28001",2,7,16,12359,12406,12453,0.16,0.56,1.3
"28002",20,25,14,30516,30814,31060,0.66,0.81,0.45
"28003",619,544,339,228911,236070,241360,2.7,2.3,1.4
"28004",0,0,0,9292,0,0,0,0,0
"28005",1,0,0,4658,0,0,0.21,0,0
"28006",0,0,0,7815,0,0,0,0,0
"28007",16,22,9,14826,14682,14490,1.1,1.5,0.62
"28008",0,0,0,4540,0,0,0,0,0
"28009",889,731,456,203498,205110,206484,4.4,3.6,2.2
"28010",0,0,0,2007,0,0,0,0,0
"28011",0,0,0,9020,0,0,0,0,0
"28012",88,227,192,44844,45222,45548,2,5,4.2
"28013",34,24,21,16252,16420,16554,2.1,1.5,1.3
"28014",0,0,0,4739,0,0,0,0,0
"28015",12,10,2,16282,16408,16514,0.74,0.61,0.12
"28016",27,47,28,24366,24453,24533,1.1,1.9,1.1
"28017",3,9,10,15606,15744,15858,0.19,0.57,0.63
"28018",8,15,11,8525,8556,8589,0.94,1.8,1.3
"28019",24,92,48,17628,17640,17660,1.4,5.2,2.7
"28020",0,0,0,2651,0,0,0,0,0
"28021",375,493,238,119280,120136,120866,3.1,4.1,2
"28022",1327,1429,834,505818,510994,515513,2.6,2.8,1.6
"28023",0,0,0,4578,0,0,0,0,0
"28024",21,44,20,4643,4559,4442,4.5,9.7,4.5
"28025",44,43,29,28363,28854,29238,1.6,1.5,0.99
"28026",0,0,0,3587,0,0,0,0,0
"28027",4109,3471,2229,398081,402656,406541,10,8.6,5.5
"28028",0,0,0,3514,0,0,0,0,0
"28029",5,11,8,13324,13389,13444,0.38,0.82,0.6
"28030",35,45,52,14596,14778,14915,2.4,3,3.5
"28031",0,0,0,1858,0,0,0,0,0
"28032",2514,2094,1481,640907,653213,662938,3.9,3.2,2.2
"28033",328,225,116,123048,124628,125916,2.7,1.8,0.92
"28034",6,12,11,9510,9522,9537,0.63,1.3,1.2
"28035",95,175,122,58238,58354,58535,1.6,3,2.1
"28036",0,0,0,1048,0,0,0,0,0
"28037",25,59,33,25726,26016,26251,0.97,2.3,1.3
"28038",1977,1607,902,304234,305310,306491,6.5,5.3,2.9
"28039",8,24,20,28472,28702,28896,0.28,0.84,0.69
"28040",222,246,68,64644,64932,65240,3.4,3.8,1
"28041",3055,2848,1628,336292,341232,345169,9.1,8.3,4.7
"28042",0,0,0,6420,0,0,0,0,0
"28043",44,68,45,23596,23769,23912,1.9,2.9,1.9
"29001",6,13,8,10546,10844,11108,0.57,1.2,0.72
"29002",24,17,31,13894,14106,14310,1.7,1.2,2.2
"29003",5,3,3,6234,6318,6402,0.8,0.47,0.47
"29004",6,3,2,16539,16772,17002,0.36,0.18,0.12
"29005",236,222,269,78895,79804,80750,3,2.8,3.3
"29006",140,109,128,46604,47308,48006,3,2.3,2.7
"29007",23,9,13,15932,16152,16380,1.4,0.56,0.79
"29008",20,9,12,14096,14254,14422,1.4,0.63,0.83
"29009",3,1,1,5324,5431,5529,0.56,0.18,0.18
"29010",177,151,177,68104,68849,69640,2.6,2.2,2.5
"29011",1,4,2,4412,4456,4503,0.23,0.9,0.44
"29012",3,9,9,8616,8688,8766,0.35,1,1
"29013",123,99,111,88290,89602,90921,1.4,1.1,1.2
"29014",17,11,4,14397,14582,14764,1.2,0.75,0.27
"29015",23,42,38,36451,36958,37462,0.63,1.1,1
"29016",8,3,3,7012,7096,7178,1.1,0.42,0.42
"29017",5,7,5,10216,10408,10590,0.49,0.67,0.47
"29018",31,22,42,36388,36914,37438,0.85,0.6,1.1
"29019",20,8,18,19640,20031,20402,1,0.4,0.88
"29020",9,4,5,8856,9011,9160,1,0.44,0.55
"29021",6,8,13,17166,17350,17540,0.35,0.46,0.74
"29022",2,6,3,5956,6055,6152,0.34,0.99,0.49
"29023",28,42,40,24490,24836,25184,1.1,1.7,1.6
"29024",17,24,20,26202,26633,27037,0.65,0.9,0.74
"29025",78,89,81,72098,73094,74136,1.1,1.2,1.1
"29026",8,13,12,18929,19334,19706,0.42,0.67,0.61
"29027",9,10,11,12201,12370,12532,0.74,0.81,0.88
"29028",13,17,10,22594,22981,23360,0.58,0.74,0.43
"29029",10,16,7,11693,11980,12238,0.86,1.3,0.57
"29030",4,4,1,14243,14420,14604,0.28,0.28,0.068
"29031",11,14,14,30257,30890,31484,0.36,0.45,0.44
"29032",4,12,15,12871,13054,13232,0.31,0.92,1.1
"29033",318,263,248,93106,94477,95822,3.4,2.8,2.6
"29034",26,13,16,41508,42117,42728,0.63,0.31,0.37
"29035",5,0,7,5824,5921,6016,0.86,0,1.2
"29036",13,18,12,21308,21568,21832,0.61,0.83,0.55
"29037",6,5,3,8340,8362,8402,0.72,0.6,0.36
"29038",14,15,18,15356,15674,15974,0.91,0.96,1.1
"29039",21,10,17,22610,22940,23268,0.93,0.44,0.73
"29040",12,5,6,10234,10420,10592,1.2,0.48,0.57
"29041",33,33,30,28046,28459,28867,1.2,1.2,1
"29042",11,22,14,12826,13072,13296,0.86,1.7,1.1
"29043",39,34,26,34984,35820,36584,1.1,0.95,0.71
"29044",63,72,42,40166,40786,41390,1.6,1.8,1
"29045",0,2,0,5931,6018,6107,0,0.33,0
"29046",0,1,1,4287,4342,4400,0,0.23,0.23
"29047",0,1,0,2878,2916,2956,0,0.34,0
"29048",21,18,19,17537,17812,18088,1.2,1,1.1
"29049",2,3,2,5290,5382,5464,0.38,0.56,0.37
"29050",5,4,2,10065,10118,10192,0.5,0.4,0.2
"29051",3,6,1,3782,3868,3946,0.79,1.6,0.25
"29052",2,1,0,5867,5948,6028,0.34,0.17,0
"29053",1,11,10,7022,7100,7186,0.14,1.5,1.4
"29054",1,1,3,5202,5262,5326,0.19,0.19,0.56
"29055",1,1,0,2942,2984,3026,0.34,0.34,0
"29056",5,7,4,7178,7309,7431,0.7,0.96,0.54
"29057",2,13,3,4552,4639,4721,0.44,2.8,0.64
"29058",3,5,6,8288,8412,8534,0.36,0.59,0.7
"29059",3,3,3,6606,6738,6861,0.45,0.45,0.44
"29060",8,4,4,4585,4642,4701,1.7,0.86,0.85
"30003",140,47,53,85602,86204,86671,1.6,0.55,0.61
"30004",7,10,7,41974,42310,42532,0.17,0.24,0.16
"3001",82,66,98,74040,75446,77004,1.1,0.87,1.3
"30010",14,50,31,61296,61558,61804,0.23,0.81,0.5
"30011",84,27,36,53170,53590,53879,1.6,0.5,0.67
"30014",27,39,11,43517,43978,44300,0.62,0.89,0.25
"3002",42,57,54,62004,63286,64709,0.68,0.9,0.83
"30023",9,13,42,49692,50160,50495,0.18,0.26,0.83
"30028",267,372,379,139026,138836,138912,1.9,2.7,2.7
"3003",1000,824,1236,265906,272481,279411,3.8,3,4.4
"30030",61,87,24,42700,43023,43262,1.4,2,0.55
"30032",13,8,1,49378,49650,49876,0.26,0.16,0.02
"30038",134,62,75,88870,89704,90294,1.5,0.69,0.83
"30039",568,437,558,314719,318452,321085,1.8,1.4,1.7
"30040",19,30,15,49960,50604,51046,0.38,0.59,0.29
"30044",444,423,173,200726,202198,203311,2.2,2.1,0.85
"30045",224,210,56,58422,58757,59000,3.8,3.6,0.95
"30047",7,4,6,53712,54179,54545,0.13,0.074,0.11
"30048",175,55,105,122090,123902,125168,1.4,0.44,0.84
"30058",13,17,13,55327,55204,55123,0.23,0.31,0.24
"30061",108,15,82,79557,80338,80914,1.4,0.19,1
"30065",35,28,15,65108,66596,67567,0.54,0.42,0.22
"30068",93,87,32,61686,62490,63043,1.5,1.4,0.51
"30071",52,55,24,56304,56981,57470,0.92,0.97,0.42
"30073",5,11,6,42699,43073,43339,0.12,0.26,0.14
"30077",66,97,93,43438,43912,44253,1.5,2.2,2.1
"3008",660,813,806,263678,276361,288502,2.5,2.9,2.8
"30083",4,8,1,50221,50264,50324,0.08,0.16,0.02
"30085",32,11,6,67012,67632,68091,0.48,0.16,0.088
"30086",20,34,28,41499,41762,41986,0.48,0.81,0.67
"30087",1164,1095,538,473302,479624,483994,2.5,2.3,1.1
"3009",22,24,20,18417,19228,19992,1.2,1.2,1
"30102",232,259,209,103004,103526,103963,2.3,2.5,2
"30105",55,63,39,65326,68335,70276,0.84,0.92,0.55
"30108",254,183,288,160759,161658,162364,1.6,1.1,1.8
"30109",56,81,63,64074,64399,64651,0.87,1.3,0.97
"30118",367,316,201,122880,123404,123806,3,2.6,1.6
"30123",342,274,196,99392,100064,100557,3.4,2.7,1.9
"30124",205,170,149,161041,161746,162323,1.3,1.1,0.92
"30128",86,142,100,70999,71784,72354,1.2,2,1.4
"30130",50,34,10,41876,42202,42442,1.2,0.81,0.24
"30131",699,625,589,197779,199364,200498,3.5,3.1,2.9
"30133",1,28,53,56304,56594,56831,0.018,0.49,0.93
"30138",33,17,16,41122,41228,41326,0.8,0.41,0.39
"30141",114,129,70,160817,162052,163000,0.71,0.8,0.43
"30143",12,19,9,57246,57490,57693,0.21,0.33,0.16
"30155",117,67,52,102732,102866,103038,1.1,0.65,0.5
"30160",191,147,109,106034,106416,106736,1.8,1.4,1
"30173",52,36,22,53893,54356,54692,0.96,0.66,0.4
"30174",301,322,235,96879,97925,98648,3.1,3.3,2.4
"30175",152,132,119,92434,93445,94154,1.6,1.4,1.3
"30183",48,84,56,59281,59712,60046,0.81,1.4,0.93
"30189",279,187,202,146732,147878,148706,1.9,1.3,1.4
"30193",1166,1629,1625,566939,572582,576550,2.1,2.8,2.8
"30201",14,25,6,42740,43034,43270,0.33,0.58,0.14
"30204",44,11,24,46819,47084,47294,0.94,0.23,0.51
"30207",85,81,48,45904,46170,46375,1.9,1.8,1
"31038",48,20,14,31904,32390,32834,1.5,0.62,0.43
"31040",71,80,22,26804,27106,27385,2.6,3,0.8
"31041",0,105,190,87426,91650,95047,0,1.1,2
"31048",30,49,41,22286,22504,22725,1.3,2.2,1.8
"31050",2532,2048,1428,858340,869811,880154,2.9,2.4,1.6
"31052",96,129,72,35102,35549,35958,2.7,3.6,2
"31059",176,172,177,55918,56722,57439,3.1,3,3.1
"31079",62,96,20,41966,42521,43042,1.5,2.3,0.46
"31089",76,106,37,38882,39355,39808,2,2.7,0.93
"31096",83,125,70,75052,75745,76446,1.1,1.7,0.92
"31101",36,110,57,51593,51690,51945,0.7,2.1,1.1
"31102",193,136,113,76656,77646,78594,2.5,1.8,1.4
"32005",113,142,18,41008,41418,41836,2.8,3.4,0.43
"32007",52,57,25,13063,13139,13211,4,4.3,1.9
"32010",453,763,785,218434,220290,222163,2.1,3.5,3.5
"32019",58,55,79,23824,23864,23926,2.4,2.3,3.3
"32020",120,264,210,59185,59718,60198,2,4.4,3.5
"32023",41,23,18,12521,12582,12639,3.3,1.8,1.4
"32024",68,71,63,49798,50342,50874,1.4,1.4,1.2
"32025",0,0,0,12587,0,0,0,0,0
"32029",93,173,103,22752,22896,23056,4.1,7.6,4.5
"32034",40,31,51,28522,28696,28860,1.4,1.1,1.8
"32036",208,108,61,41642,41954,42280,5,2.6,1.4
"32038",83,55,52,71121,71490,71914,1.2,0.77,0.72
"32039",112,116,165,64360,64942,65504,1.7,1.8,2.5
"32042",179,141,114,62292,62586,62912,2.9,2.3,1.8
"32047",31,24,21,5572,5585,5600,5.6,4.3,3.8
"32048",114,117,163,26590,27038,27432,4.3,4.3,5.9
"32049",15,43,50,33664,33619,33640,0.45,1.3,1.5
"32055",48,47,27,29743,29774,29824,1.6,1.6,0.91
"32056",2344,2341,1517,141214,142222,143271,17,16,11
"4001",4,3,3,54980,55736,56509,0.073,0.054,0.053
"4002",88,68,144,271000,275550,279988,0.32,0.25,0.51
"4003",189,106,202,232037,236340,240552,0.81,0.45,0.84
"4004",18,15,20,86616,87946,89282,0.21,0.17,0.22
"4005",2,2,6,29335,29675,30040,0.068,0.067,0.2
"4006",0,4,4,39228,39744,40282,0,0.1,0.099
"4007",2,0,1,8532,8572,8628,0.23,0,0.12
"4008",2,2,7,10132,10268,10406,0.2,0.19,0.67
"4009",5,17,26,56430,57267,58134,0.089,0.3,0.45
"4010",4,4,4,28076,28546,29026,0.14,0.14,0.14
"4011",7,16,28,43009,43691,44370,0.16,0.37,0.63
"5001",0,0,2,1101,0,1124,0,0,1.8
"5002",94,124,196,140348,141886,143538,0.67,0.87,1.4
"5003",17,23,22,23508,23848,24174,0.72,0.96,0.91
"5004",41,32,29,23413,23765,24090,1.8,1.3,1.2
"5005",0,0,0,1842,0,1868,0,0,0
"5006",17,61,31,26650,26934,27224,0.64,2.3,1.1
"5007",4,8,7,13314,13412,13519,0.3,0.6,0.52
"5008",0,0,1,2959,0,3000,0,0,0.33
"5009",61,65,70,57179,57768,58383,1.1,1.1,1.2
"5010",53,48,130,77164,77910,78697,0.69,0.62,1.7
"5011",6,3,8,11857,11898,11953,0.51,0.25,0.67
"5012",0,0,3,2144,0,2195,0,0,1.4
"5013",0,0,0,1930,0,2011,0,0,0
"5014",0,0,3,10067,0,10159,0,0,0.3
"5015",0,0,0,1666,0,1729,0,0,0
"5016",0,0,1,1876,0,1903,0,0,0.53
"5017",141,201,290,109754,110774,111870,1.3,1.8,2.6
"5018",254,713,715,222427,224844,227275,1.1,3.2,3.1
"5019",0,20,1,8487,8540,8748,0,2.3,0.11
"5020",21,29,82,68420,68988,69594,0.31,0.42,1.2
"5021",0,0,0,6504,0,6648,0,0,0
"5022",0,0,10,28558,0,29180,0,0,0.34
"5023",1,3,0,11258,11352,11455,0.089,0.26,0
"5024",24,13,38,46090,46287,46554,0.52,0.28,0.82
"5025",211,217,234,156176,157490,158972,1.4,1.4,1.5
"5026",0,0,4,3528,0,3566,0,0,1.1
"5027",130,166,161,80714,83164,85325,1.6,2,1.9
"5028",65,75,87,63348,64388,65352,1,1.2,1.3
"5029",0,0,1,2388,0,2454,0,0,0.41
"5030",1820,2144,1962,750918,761894,772542,2.4,2.8,2.5
"5031",15,16,24,23006,23356,23681,0.65,0.69,1
"5032",24,24,63,42455,42704,42982,0.57,0.56,1.5
"5033",79,115,187,105544,106637,107739,0.75,1.1,1.7
"5034",0,1,3,6686,6860,6994,0,0.15,0.43
"5035",4592,4836,3798,661627,670738,679562,6.9,7.2,5.6
"5036",0,0,41,21852,0,22350,0,0,1.8
"5037",0,0,0,6369,0,6421,0,0,0
"5038",3,16,11,12901,12952,13024,0.23,1.2,0.84
"6001",85,80,59,29877,30402,30920,2.8,2.6,1.9
"6002",1086,1417,942,152416,154910,157374,7.1,9.1,6
"6003",15,23,15,21434,21659,21906,0.7,1.1,0.68
"6004",23,32,24,20083,20408,20734,1.1,1.6,1.2
"6005",37,45,29,27728,27980,28262,1.3,1.6,1
"6006",10,7,3,5496,5576,5654,1.8,1.3,0.53
"6007",686,1046,812,169162,172806,176352,4.1,6.1,4.6
"6008",0,4,2,8428,8536,8650,0,0.47,0.23
"6009",436,373,430,117536,119669,121808,3.7,3.1,3.5
"6010",375,571,491,126670,129899,132979,3,4.4,3.7
"7001",13,26,21,17636,17898,18146,0.74,1.5,1.2
"7002",10,8,9,30316,30669,31137,0.33,0.26,0.29
"7003",26,18,48,28960,29457,29880,0.9,0.61,1.6
"7004",14,14,19,31524,32220,32823,0.44,0.43,0.58
"7005",9,3,6,22002,22198,22402,0.41,0.14,0.27
"7006",3,0,4,31093,0,32169,0.096,0,0.12
"7007",5,1,0,8912,8914,0,0.56,0.11,0
"7008",5,12,15,26986,26785,26668,0.19,0.45,0.56
"7009",88,58,105,41232,41477,41744,2.1,1.4,2.5
"7011",0,6,3,0,20206,20432,0,0.3,0.15
"7012",34,33,55,46430,47585,48800,0.73,0.69,1.1
"7013",20,25,12,32101,32576,33048,0.62,0.77,0.36
"7014",2,3,1,19501,20157,20707,0.1,0.15,0.048
"7015",24,19,23,45374,45788,46224,0.53,0.41,0.5
"7016",15,29,11,17832,18018,18192,0.84,1.6,0.6
"7017",65,55,94,80906,81616,82360,0.8,0.67,1.1
"7018",5,1,2,8769,8820,8961,0.57,0.11,0.22
"7019",212,178,226,149236,152150,154845,1.4,1.2,1.5
"7020",8,4,16,45842,46692,47280,0.17,0.086,0.34
"7021",12,1,2,21677,21796,22007,0.55,0.046,0.091
"7022",3,6,2,14319,14361,14446,0.21,0.42,0.14
"7023",23,13,11,80207,81165,82338,0.29,0.16,0.13
"7024",1,0,7,11148,0,11386,0.09,0,0.61
"7025",2,3,2,7519,7561,7616,0.27,0.4,0.26
"7026",10,7,7,37500,37916,38370,0.27,0.18,0.18
"7027",117,101,125,93060,95027,96810,1.3,1.1,1.3
"7028",1,1,0,5621,5704,5767,0.18,0.18,0
"7029",1,0,7,5115,0,5146,0.2,0,1.4
"7030",6,7,19,32894,33375,33812,0.18,0.21,0.56
"7031",50,44,47,116404,117986,119574,0.43,0.37,0.39
"7032",37,63,72,31244,31571,31900,1.2,2,2.3
"7033",4,3,0,7200,7303,0,0.56,0.41,0
"7034",53,55,47,70912,72276,73537,0.75,0.76,0.64
"7035",14,7,6,13355,13498,13808,1,0.52,0.43
"7037",26,19,11,34928,35382,35822,0.74,0.54,0.31
"7038",6,7,5,22378,22633,22888,0.27,0.31,0.22
"7039",7,6,6,23437,23747,24064,0.3,0.25,0.25
"7040",123,69,97,53255,53768,54298,2.3,1.3,1.8
"7041",2,2,6,43094,43756,44612,0.046,0.046,0.13
"7042",7,3,0,10792,10962,11152,0.65,0.27,0
"7043",6,2,4,10478,10587,10692,0.57,0.19,0.37
"7044",19,9,5,25669,25993,26476,0.74,0.35,0.19
"7045",2,1,3,5708,5822,5904,0.35,0.17,0.51
"7046",40,43,19,39069,39357,39650,1,1.1,0.48
"7047",5,8,5,19697,20138,20489,0.25,0.4,0.24
"7048",42,45,18,21794,21960,22138,1.9,2,0.81
"7049",7,4,5,21194,21372,21689,0.33,0.19,0.23
"7050",4,1,2,5058,5034,5034,0.79,0.2,0.4
"7051",50,44,59,46308,47113,47853,1.1,0.93,1.2
"7052",13,40,43,116550,118427,120161,0.11,0.34,0.36
"7053",0,0,0,0,0,8292,0,0,0
"7054",31,20,38,27739,28090,28422,1.1,0.71,1.3
"7055",8,4,2,5221,5260,5317,1.5,0.76,0.38
"7056",3,3,1,11688,11885,12080,0.26,0.25,0.083
"7057",24,19,23,72908,74236,75457,0.33,0.26,0.3
"7059",137,148,169,207975,211086,214175,0.66,0.7,0.79
"7060",3,0,1,12218,0,12389,0.25,0,0.081
"7061",48,34,39,86014,87205,88578,0.56,0.39,0.44
"7062",23,26,26,17574,17680,17824,1.3,1.5,1.5
"7063",0,3,1,0,3968,4034,0,0.76,0.25
"7064",9,24,11,44164,44147,44326,0.2,0.54,0.25
"7065",285,232,212,116416,118237,120008,2.4,2,1.8
"7066",12,8,17,21064,21156,21294,0.57,0.38,0.8
"7067",5,1,2,11225,11296,11500,0.45,0.089,0.17
"7068",39,34,36,30670,30832,31037,1.3,1.1,1.2
"7069",60,44,44,51994,52502,53008,1.2,0.84,0.83
"7070",2,1,1,13462,13461,13527,0.15,0.074,0.074
"7071",47,27,34,28800,29005,29233,1.6,0.93,1.2
"7072",19,20,11,32274,32616,33020,0.59,0.61,0.33
"7073",6,1,4,9365,9408,9590,0.64,0.11,0.42
"7074",221,152,146,43075,43898,44662,5.1,3.5,3.3
"7075",10,7,6,26172,26320,26496,0.38,0.27,0.23
"7076",5,8,4,26017,26224,26488,0.19,0.31,0.15
"7077",9,14,3,59206,59718,60282,0.15,0.23,0.05
"7078",392,362,369,195354,198612,201806,2,1.8,1.8
"7079",9,12,36,34510,34998,35442,0.26,0.34,1
"7080",11,9,1,39212,39444,39735,0.28,0.23,0.025
"7081",16,15,23,42640,43632,44486,0.38,0.34,0.52
"7082",5,7,5,12856,13017,13278,0.39,0.54,0.38
"7083",3,2,10,17878,18089,18358,0.17,0.11,0.54
"7084",5,4,5,8270,8288,8346,0.6,0.48,0.6
"7085",2,0,6,10118,0,10398,0.2,0,0.58
"7086",21,19,7,22162,22503,22884,0.95,0.84,0.31
"7087",95,46,38,36280,36604,36960,2.6,1.3,1
"7088",3,2,2,2318,2326,2362,1.3,0.86,0.85
"7089",1020,1011,982,337446,343209,348574,3,2.9,2.8
"7090",4,4,3,4230,4251,4280,0.95,0.94,0.7
"7091",8,14,8,12917,13300,13573,0.62,1.1,0.59
"7092",20,18,12,42654,43132,43618,0.47,0.42,0.28
"7093",29,22,12,41224,41427,41724,0.7,0.53,0.29
"7094",16,10,6,39441,40118,40732,0.41,0.25,0.15
"7096",9,28,15,74344,75413,76330,0.12,0.37,0.2
"7097",233,211,177,87862,88720,89569,2.7,2.4,2
"7098",0,1,0,0,6676,6826,0,0.15,0
"7099",16,21,16,77530,79133,80830,0.21,0.27,0.2
"7100",4,9,4,32842,33153,33514,0.12,0.27,0.12
"7101",2030,2140,2460,582000,591495,600503,3.5,3.6,4.1
"7102",45,22,30,39450,39982,40488,1.1,0.55,0.74
"7103",5,11,6,29303,30113,30577,0.17,0.37,0.2
"7104",5,4,0,14629,14812,15052,0.34,0.27,0
"7105",5,6,3,14518,14630,14744,0.34,0.41,0.2
"7106",6,22,24,63645,64267,64964,0.094,0.34,0.37
"7107",24,16,57,77820,78824,79802,0.31,0.2,0.71
"7108",49,59,95,102324,103304,104320,0.48,0.57,0.91
"7109",32,29,21,35284,35649,36040,0.91,0.81,0.58
"7110",0,1,1,0,7104,7221,0,0.14,0.14
"7111",12,7,2,38215,38968,39602,0.31,0.18,0.051
"7112",4,6,9,30116,30439,30784,0.13,0.2,0.29
"7113",1,0,0,5129,0,0,0.19,0,0
"7114",33,30,30,18088,18319,18593,1.8,1.6,1.6
"7115",2,2,2,11724,11779,11906,0.17,0.17,0.17
"7116",3,5,7,10268,10393,10616,0.29,0.48,0.66
"7117",0,1,0,0,7162,0,0,0.14,0
"7118",1,0,1,4919,0,5297,0.2,0,0.19
"7119",7,3,2,3368,3419,3470,2.1,0.88,0.58
"8001",13,15,17,11832,11831,11875,1.1,1.3,1.4
"8002",60,53,60,23740,24132,24480,2.5,2.2,2.5
"8003",11,13,13,8786,8840,8888,1.3,1.5,1.5
"8004",15,10,8,12134,12868,13470,1.2,0.78,0.59
"8005",48,39,22,25120,25370,25618,1.9,1.5,0.86
"8006",2,3,0,6291,6343,0,0.32,0.47,0
"8007",33,29,25,18541,18755,18958,1.8,1.5,1.3
"8008",22,29,23,15019,15153,15303,1.5,1.9,1.5
"8009",55,68,41,29668,29740,29872,1.9,2.3,1.4
"8010",17,12,12,23593,23830,24113,0.72,0.5,0.5
"8011",225,192,123,51023,51454,51880,4.4,3.7,2.4
"8012",9,6,6,9144,9230,9294,0.98,0.65,0.65
"8013",6,5,14,11406,11780,12060,0.53,0.42,1.2
"8014",0,2,2,0,2459,2489,0,0.81,0.8
"8015",0,2,1,0,1828,1840,0,1.1,0.54
"8016",6,9,2,4226,4323,4388,1.4,2.1,0.46
"8017",383,224,226,165416,168616,171473,2.3,1.3,1.3
"8018",20,12,11,5752,5834,5902,3.5,2.1,1.9
"8019",7709,6165,5145,869356,882346,894154,8.9,7,5.8
"8020",9,8,13,8935,9090,9220,1,0.88,1.4
"8021",533,457,447,146134,148191,150058,3.6,3.1,3
"8022",4,2,3,3079,3128,3156,1.3,0.64,0.95
"8023",5,2,0,6638,6757,0,0.75,0.3,0
"8024",8,10,8,4130,4164,4194,1.9,2.4,1.9
"8025",4,0,1,9111,0,9474,0.44,0,0.11
"8026",9,3,12,3368,3386,3399,2.7,0.89,3.5
"8027",99,114,69,52193,52814,53430,1.9,2.2,1.3
"8028",18,5,8,6481,6203,6014,2.8,0.81,1.3
"8029",125,185,142,55530,55880,56304,2.3,3.3,2.5
"8030",16,13,15,9522,9660,9778,1.7,1.3,1.5
"8031",81,61,21,41688,42130,42500,1.9,1.4,0.49
"8032",305,231,277,112476,113584,114662,2.7,2,2.4
"8033",2,1,2,1099,1107,1110,1.8,0.9,1.8
"8034",3,9,1,7238,7302,7348,0.41,1.2,0.14
"8035",27,16,17,12006,12355,12702,2.2,1.3,1.3
"8036",133,70,119,43049,43328,43622,3.1,1.6,2.7
"8037",16023,8545,5318,1386239,1395302,1405629,12,6.1,3.8
"8038",10,21,3,5249,5312,5348,1.9,4,0.56
"8039",5,3,5,4200,4217,4232,1.2,0.71,1.2
"8040",28,34,20,30437,30224,30128,0.92,1.1,0.66
"8041",0,4,4,0,1948,1937,0,2.1,2.1
"8043",3,4,2,3207,3212,3214,0.94,1.2,0.62
"8044",12,23,5,4726,4763,4793,2.5,4.8,1
"8045",186,267,104,46078,46562,47019,4,5.7,2.2
"8046",23,20,19,8876,9046,9187,2.6,2.2,2.1
"8047",9,9,8,5529,5561,5586,1.6,1.6,1.4
"8048",11,10,9,24310,24599,25008,0.45,0.41,0.36
"8049",2,0,0,2953,0,0,0.68,0,0
"8050",139,86,62,62796,63696,64521,2.2,1.4,0.96
"8051",24,11,23,8134,8307,8484,3,1.3,2.7
"8052",46,39,35,28572,29304,29916,1.6,1.3,1.2
"8053",21,4,5,4738,4439,4234,4.4,0.9,1.2
"8054",15,6,5,8322,8366,8418,1.8,0.72,0.59
"8055",52,32,31,17613,17778,17930,3,1.8,1.7
"8056",2,0,2,2354,0,2397,0.85,0,0.83
"8057",1,1,0,2383,2395,0,0.42,0.42,0
"8058",5,6,1,3161,3210,3237,1.6,1.9,0.31
"8059",4,11,21,4935,4950,4963,0.81,2.2,4.2
"8060",12,6,11,10929,11025,11088,1.1,0.54,0.99
"8061",9,14,13,3779,3770,3760,2.4,3.7,3.5
"8062",52,28,18,34476,35065,35570,1.5,0.8,0.51
"8063",14,7,9,6438,6450,6464,2.2,1.1,1.4
"8064",1,2,0,1940,1958,0,0.52,1,0
"8065",48,41,34,21184,21334,21497,2.3,1.9,1.6
"8066",21,14,12,8542,8635,8678,2.5,1.6,1.4
"8067",9,9,11,5485,5586,5655,1.6,1.6,1.9
"9002",2745,2744,2157,417034,414231,411739,6.6,6.6,5.2
"9003",4092,3467,3190,624598,621969,619357,6.6,5.6,5.2
"9004",543,393,348,190081,190840,191433,2.9,2.1,1.8
"9005",7705,7012,6889,1194168,1188169,1182741,6.5,5.9,5.8
"9006",2743,2503,2153,386378,383611,381208,7.1,6.5,5.6
"9007",10092,9846,8519,1830454,1821335,1814171,5.5,5.4,4.7
"9008",692,572,543,242210,242332,242355,2.9,2.4,2.2
"9009",144,171,173,134234,135225,135995,1.1,1.3,1.3
"9010",3613,3239,3063,734825,734763,734469,4.9,4.4,4.2
"9011",1326,1192,1142,365060,365302,365490,3.6,3.3,3.1
"9012",3262,2558,2090,663032,665408,666918,4.9,3.8,3.1
"9013",1551,1403,1175,419305,418799,418309,3.7,3.4,2.8
"9014",3565,3056,2536,394675,396736,397652,9,7.7,6.4
"9015",7072,6589,5460,537235,537010,536404,13,12,10
"9016",3606,3070,2395,379368,380310,380634,9.5,8.1,6.3
"9017",4197,3650,2984,433003,429313,426183,9.7,8.5,7
