"id","state_code","total_2011","total_2012","total_2013","population_2011","population_2012","population_2013","rate_2011","rate_2012","rate_2013"
"10001",10,14,4,3,32592,32801,33000,0.43,0.12,0.091
"10002",10,0,1,0,0,4217,0,0,0.24,0
"10004",10,12,3,6,34796,34909,35000,0.34,0.086,0.17
"10005",10,204,156,82,610384,619284,630000,0.33,0.25,0.13
"10007",10,0,112,145,0,344986,350000,0,0.32,0.42
"10008",10,1,3,4,35151,35598,36000,0.028,0.084,0.11
"10009",10,0,2,10,0,10380,10000,0,0.19,0.96
"1001",1,58,33,19,823056,835348,850000,0.07,0.04,0.022
"10012",10,253,141,60,147074,148853,150000,1.7,0.95,0.4
"10013",10,0,4,1,0,26398,27000,0,0.15,0.038
"10014",10,30,22,20,34538,34828,35000,0.87,0.63,0.57
"10015",10,1,2,2,12712,12731,13000,0.079,0.16,0.16
"10016",10,11,8,2,19115,19264,19000,0.58,0.42,0.1
"10018",10,17,37,15,11729,11858,12000,1.4,3.1,1.3
"10019",10,2,4,0,5456,5540,0,0.37,0.72,0
"1002",1,1,2,5,46970,47634,48000,0.021,0.042,0.1
"10020",10,2,3,0,12207,12226,0,0.16,0.25,0
"10022",10,12,1,2,25789,26020,26000,0.47,0.038,0.076
"10023",10,38,33,22,50576,50898,51000,0.75,0.65,0.43
"10024",10,9,4,1,13381,13582,14000,0.67,0.29,0.073
"10026",10,13,5,35,20202,20288,20000,0.64,0.25,1.7
"10028",10,4,6,5,12392,12545,13000,0.32,0.48,0.39
"1003",1,2,0,0,55510,56096,57000,0.036,0,0
"10032",10,60,20,14,46842,47374,48000,1.3,0.42,0.29
"10033",10,0,1,0,0,6878,0,0,0.15,0
"10034",10,31,16,22,26980,27014,27000,1.1,0.59,0.81
"10035",10,18,8,5,10889,10800,11000,1.7,0.74,0.47
"10036",10,0,5,6,0,23534,24000,0,0.21,0.25
"10037",10,4,6,1,8864,8960,9000,0.45,0.67,0.11
"10038",10,19,7,5,21749,21830,22000,0.87,0.32,0.23
"10039",10,9,4,8,27024,27236,27000,0.33,0.15,0.29
"1004",1,0,1,0,15462,15659,16000,0,0.064,0
"1005",1,4,3,7,104196,106428,110000,0.038,0.028,0.065
"1006",1,5,1,1,42877,43340,44000,0.12,0.023,0.023
"1007",1,0,1,2,50411,50990,52000,0,0.02,0.039
"1008",1,0,0,0,8710,8830,9000,0,0,0
"1009",1,1,1,0,20348,20658,21000,0.049,0.048,0
"1010",1,0,0,1,19373,19618,20000,0,0,0.05
"1011",1,0,2,4,37596,38492,39000,0,0.052,0.1
"11001",11,9,14,6,86264,86784,87000,0.1,0.16,0.069
"11002",11,28,25,22,111002,111422,110000,0.25,0.22,0.2
"11003",11,29,28,19,165682,167601,170000,0.18,0.17,0.11
"11004",11,4,8,7,66096,66646,67000,0.061,0.12,0.1
"11005",11,7,9,12,88196,89254,90000,0.079,0.1,0.13
"11006",11,0,0,0,5739,5770,5800,0,0,0
"11007",11,90,99,65,482644,487690,490000,0.19,0.2,0.13
"11008",11,7,11,4,37937,38135,38000,0.18,0.29,0.1
"11009",11,7,5,8,79792,80458,81000,0.088,0.062,0.099
"11010",11,1,2,1,11876,11910,12000,0.084,0.17,0.084
"11011",11,12,19,8,89959,90342,91000,0.13,0.21,0.088
"11012",11,2,4,4,28148,28437,29000,0.071,0.14,0.14
"11013",11,2,1,2,23836,23977,24000,0.084,0.042,0.083
"11014",11,12,26,16,151561,152599,150000,0.079,0.17,0.1
"11015",11,7,22,10,176943,178758,180000,0.04,0.12,0.055
"11016",11,1,6,0,20552,20668,21000,0.049,0.29,0
"11017",11,47,64,51,546914,553136,560000,0.086,0.12,0.091
"11018",11,5,1,0,37804,38223,39000,0.13,0.026,0
"11019",11,8,7,8,52220,52632,53000,0.15,0.13,0.15
"11020",11,116,179,167,1477980,1492750,1500000,0.078,0.12,0.11
"11021",11,9,3,2,50200,50390,51000,0.18,0.06,0.04
"11022",11,2,1,0,23170,23308,23000,0.086,0.043,0
"11023",11,22,20,38,153196,154091,160000,0.14,0.13,0.25
"11024",11,0,0,2,11558,11688,12000,0,0,0.17
"11025",11,4,11,10,72000,73290,74000,0.056,0.15,0.13
"11026",11,5,5,8,58191,58681,59000,0.086,0.085,0.14
"11027",11,26,45,25,268223,270716,270000,0.097,0.17,0.092
"11028",11,17,16,18,98506,98706,99000,0.17,0.16,0.18
"11029",11,2,1,1,37736,37908,38000,0.053,0.026,0.026
"11030",11,5,11,14,109468,110202,110000,0.046,0.1,0.13
"11031",11,14,14,16,116220,117010,120000,0.12,0.12,0.14
"11032",11,9,3,8,75606,76882,78000,0.12,0.039,0.1
"11033",11,17,11,16,119120,120334,120000,0.14,0.091,0.13
"11034",11,0,1,0,5246,5284,5300,0,0.19,0
"11035",11,4,12,16,81516,82270,83000,0.049,0.15,0.19
"11036",11,1,3,0,6770,6785,6800,0.15,0.44,0
"11037",11,23,22,16,179221,181574,180000,0.13,0.12,0.087
"11038",11,4,4,1,11991,12102,12000,0.33,0.33,0.082
"11039",11,7,3,6,36370,36567,37000,0.19,0.082,0.16
"11040",11,1,0,0,18646,18800,19000,0.054,0,0
"11041",11,10,12,7,61005,61617,62000,0.16,0.19,0.11
"11042",11,9,11,10,144543,145599,150000,0.062,0.076,0.068
"11043",11,1,3,1,20022,19954,20000,0.05,0.15,0.05
"11044",11,5,13,8,57361,57900,58000,0.087,0.22,0.14
"11045",11,4,2,0,11745,11774,12000,0.34,0.17,0
"11046",11,9,14,8,72732,73346,74000,0.12,0.19,0.11
"12001",12,1008,1170,883,817933,826366,830000,1.2,1.4,1.1
"12002",12,3,3,0,25593,25694,26000,0.12,0.12,0
"12003",12,3,19,16,38839,38814,39000,0.077,0.49,0.41
"12004",12,4,6,4,19576,19746,20000,0.2,0.3,0.2
"12005",12,0,0,0,6894,6980,7100,0,0,0
"12006",12,6,3,12,12540,12481,12000,0.48,0.24,0.96
"12007",12,35,21,15,32755,32800,33000,1.1,0.64,0.46
"12008",12,0,0,0,8638,8692,8700,0,0,0
"12009",12,0,1,0,5872,5915,6000,0,0.17,0
"12010",12,12,5,1,27028,27173,27000,0.44,0.18,0.037
"12011",12,62,100,60,62538,62706,63000,0.99,1.6,0.95
"12012",12,49,51,17,64454,64950,65000,0.76,0.79,0.26
"12013",12,2,3,15,14789,14862,15000,0.14,0.2,1
"12014",12,3,3,0,15250,15259,15000,0.2,0.2,0
"12015",12,1,0,0,12913,12940,13000,0.077,0,0
"12016",12,0,0,2,13158,13044,13000,0,0,0.15
"12017",12,0,1,3,15026,15066,15000,0,0.066,0.2
"12018",12,3,0,1,14150,14303,14000,0.21,0,0.069
"12019",12,0,0,1,14726,14762,15000,0,0,0.068
"12020",12,0,2,6,19201,19260,19000,0,0.1,0.31
"12021",12,47,108,106,75242,75607,76000,0.62,1.4,1.4
"12022",12,82,40,67,42634,42443,42000,1.9,0.94,1.6
"12023",12,15,13,18,26615,26754,27000,0.56,0.49,0.67
"12024",12,0,0,2,7111,7098,7100,0,0,0.28
"12025",12,0,2,1,15318,15291,15000,0,0.13,0.065
"12026",12,0,4,1,9296,9281,9300,0,0.43,0.11
"12027",12,8,8,1,21752,21764,22000,0.37,0.37,0.046
"12028",12,42,29,46,125142,126474,130000,0.34,0.23,0.36
"12029",12,152,111,164,252076,255642,260000,0.6,0.43,0.63
"12030",12,1,7,5,20694,20793,21000,0.048,0.34,0.24
"12031",12,1,2,2,6374,6327,6300,0.16,0.32,0.32
"12032",12,5,1,16,37196,37128,37000,0.13,0.027,0.43
"12033",12,2,1,3,14696,14746,15000,0.14,0.068,0.2
"12034",12,1,2,6,38252,38416,39000,0.026,0.052,0.16
"12035",12,123,93,107,145067,146461,150000,0.85,0.63,0.72
"12036",12,2,6,4,10984,11014,11000,0.18,0.54,0.36
"12037",12,0,80,1,6788,6829,6900,0,12,0.15
"12038",12,114,80,65,123522,125299,130000,0.92,0.64,0.51
"12039",12,5,1,11,25002,25146,25000,0.2,0.04,0.44
"12040",12,3,4,13,25366,25473,26000,0.12,0.16,0.51
"12041",12,8,7,4,30160,30278,30000,0.27,0.23,0.13
"12042",12,8,1,0,18413,18630,19000,0.43,0.054,0
"12043",12,0,1,1,19212,19156,19000,0,0.052,0.052
"12044",12,0,0,1,11656,11702,12000,0,0,0.085
"12045",12,1,2,2,25418,25607,26000,0.039,0.078,0.078
"12046",12,59,71,49,63171,63701,64000,0.93,1.1,0.76
"12047",12,1,4,1,7078,7050,7000,0.14,0.57,0.14
"12048",12,12,1,15,45639,45544,46000,0.26,0.022,0.33
"12049",12,2,9,6,11780,11814,12000,0.17,0.76,0.51
"12050",12,13,22,28,37674,37726,38000,0.35,0.58,0.74
"12051",12,5,0,2,35257,35238,35000,0.14,0,0.057
"12052",12,8,2,7,42762,42569,42000,0.19,0.047,0.16
"12053",12,7,5,17,49643,49866,50000,0.14,0.1,0.34
"12054",12,2,3,31,28474,28403,28000,0.07,0.11,1.1
"12055",12,48,45,26,106522,107074,110000,0.45,0.42,0.24
"12056",12,12,12,4,44741,44776,45000,0.27,0.27,0.089
"12057",12,51,60,42,63654,63983,64000,0.8,0.94,0.65
"12058",12,19,52,45,54784,54887,55000,0.35,0.95,0.82
"12059",12,1,2,4,31134,31244,31000,0.032,0.064,0.13
"12060",12,1,2,1,13341,13343,13000,0.075,0.15,0.075
"12061",12,13,0,13,41180,41464,42000,0.32,0,0.31
"12062",12,5,11,4,22063,22332,23000,0.23,0.49,0.18
"12063",12,0,0,0,10258,10328,10000,0,0,0
"12064",12,4,5,1,11656,11623,12000,0.34,0.43,0.086
"12065",12,3,4,2,7272,7310,7300,0.41,0.55,0.27
"12066",12,71,47,37,85961,87706,89000,0.83,0.54,0.41
"12067",12,1,6,3,22252,22300,22000,0.045,0.27,0.13
"12068",12,17,0,32,26121,26086,26000,0.65,0,1.2
"12069",12,1,7,1,12341,12211,12000,0.081,0.57,0.082
"12070",12,0,0,1,7174,7167,7200,0,0,0.14
"12071",12,6,3,5,28870,29107,29000,0.21,0.1,0.17
"12072",12,11,4,2,10727,10755,11000,1,0.37,0.19
"12073",12,3,1,2,18935,18676,18000,0.16,0.054,0.11
"12074",12,1,1,0,23328,23530,24000,0.043,0.042,0
"12075",12,6,5,5,48111,48736,49000,0.12,0.1,0.1
"12076",12,5,3,8,33656,33880,34000,0.15,0.089,0.23
"12077",12,8,7,4,13264,13351,13000,0.6,0.52,0.3
"12078",12,0,6,2,19284,19423,20000,0,0.31,0.1
"12079",12,0,0,0,15913,15903,16000,0,0,0
"12080",12,1,3,4,7412,7474,7500,0.13,0.4,0.53
"12081",12,0,0,0,10632,10632,11000,0,0,0
"13001",13,2,0,1,20530,0,21000,0.097,0,0.048
"13002",13,0,3,1,0,42209,43000,0,0.071,0.023
"13003",13,5,1,6,55732,56509,57000,0.09,0.018,0.11
"13004",13,1,0,1,9072,0,9100,0.11,0,0.11
"13006",13,0,2,0,0,19420,0,0,0.1,0
"13007",13,0,1,1,0,11464,12000,0,0.087,0.087
"13008",13,1,2,1,43221,43606,44000,0.023,0.046,0.023
"13009",13,0,1,2,0,18182,18000,0,0.055,0.11
"13010",13,1,0,0,27363,0,0,0.037,0,0
"13012",13,3,0,1,27736,0,28000,0.11,0,0.035
"13013",13,2,2,2,31799,32676,33000,0.063,0.061,0.06
"13014",13,0,1,1,0,17171,17000,0,0.058,0.058
"13015",13,2,0,0,18825,0,0,0.11,0,0
"13016",13,2,1,5,56235,57254,58000,0.036,0.017,0.086
"13017",13,1,0,0,12452,0,0,0.08,0,0
"13018",13,0,0,1,0,0,23000,0,0,0.044
"13019",13,0,0,1,0,0,18000,0,0,0.054
"13021",13,0,1,0,0,13670,0,0,0.073,0
"13022",13,0,1,0,0,14594,0,0,0.069,0
"13023",13,0,1,1,0,35348,36000,0,0.028,0.028
"13024",13,2,1,1,17549,17706,18000,0.11,0.056,0.055
"13025",13,1,0,0,22591,0,0,0.044,0,0
"13027",13,2,1,0,23701,23692,0,0.084,0.042,0
"13028",13,6,3,5,124313,124990,130000,0.048,0.024,0.04
"13029",13,3,1,3,45372,45739,46000,0.066,0.022,0.065
"13030",13,5,3,3,89578,90975,92000,0.056,0.033,0.032
"13031",13,1,1,2,12963,12989,13000,0.077,0.077,0.15
"13034",13,1,0,0,9905,0,0,0.1,0,0
"13035",13,1,1,0,11901,12194,0,0.084,0.082,0
"13036",13,0,0,2,0,0,9600,0,0,0.21
"13037",13,0,3,1,0,22066,22000,0,0.14,0.045
"13039",13,0,1,0,0,14479,0,0,0.069,0
"13041",13,2,1,0,43910,44484,0,0.046,0.022,0
"13042",13,0,0,3,0,0,11000,0,0,0.26
"13043",13,1,0,0,6707,0,0,0.15,0,0
"13044",13,0,1,0,0,15818,0,0,0.063,0
"13045",13,3,0,0,9288,0,0,0.32,0,0
"13046",13,1,0,1,39343,0,39000,0.025,0,0.026
"13048",13,7,8,14,269277,268367,270000,0.026,0.03,0.052
"13049",13,0,1,1,0,18394,18000,0,0.054,0.054
"13050",13,1,1,0,22881,23066,0,0.044,0.043,0
"13051",13,1,1,1,139179,148896,160000,0.0072,0.0067,0.0063
"13052",13,1,1,1,33070,33734,34000,0.03,0.03,0.029
"13053",13,4,1,4,18169,18046,18000,0.22,0.055,0.22
"13054",13,3,0,2,33738,0,35000,0.089,0,0.058
"13055",13,0,0,1,0,0,17000,0,0,0.059
"13056",13,0,1,0,0,34887,0,0,0.029,0
"13057",13,1,2,1,15241,15394,15000,0.066,0.13,0.065
"13059",13,2,0,1,35772,0,36000,0.056,0,0.028
"13060",13,1,4,1,17444,17609,18000,0.057,0.23,0.057
"13061",13,1,2,3,52219,52390,53000,0.019,0.038,0.057
"13062",13,1,1,1,29494,29516,30000,0.034,0.034,0.034
"13063",13,1,4,5,83003,84555,86000,0.012,0.047,0.058
"13064",13,0,0,1,0,0,10000,0,0,0.097
"13065",13,0,0,1,0,0,12000,0,0,0.085
"13067",13,3,0,2,49313,0,51000,0.061,0,0.04
"13068",13,0,1,0,0,14155,0,0,0.071,0
"13069",13,8,0,5,108223,0,120000,0.074,0,0.042
"13070",13,0,0,3,0,0,18000,0,0,0.17
"13072",13,1,0,0,10487,0,0,0.095,0,0
"13073",13,4,0,2,36873,0,37000,0.11,0,0.054
"13074",13,1,1,0,27190,27480,0,0.037,0.036,0
"13075",13,1,1,0,13610,13651,0,0.073,0.073,0
"13076",13,11,8,14,106389,107762,110000,0.1,0.074,0.13
"13077",13,1,10,9,154888,159776,160000,0.0065,0.063,0.056
"13079",13,1,0,0,7374,0,0,0.14,0,0
"13080",13,1,0,1,23748,0,24000,0.042,0,0.042
"13081",13,4,0,2,33933,0,35000,0.12,0,0.057
"13082",13,0,1,1,0,18559,19000,0,0.054,0.053
"13084",13,2,0,1,39499,0,40000,0.051,0,0.025
"14001",14,0,0,0,22065,0,0,0,0,0
"14002",14,0,0,0,23710,0,0,0,0,0
"14003",14,0,0,0,22031,0,0,0,0,0
"14004",14,0,0,0,5725,0,0,0,0,0
"14005",14,0,0,0,15040,0,0,0,0,0
"14006",14,0,0,0,58734,0,0,0,0,0
"14007",14,0,0,0,9085,0,0,0,0,0
"14008",14,0,0,0,75729,0,0,0,0,0
"14009",14,0,0,0,18312,0,0,0,0,0
"14010",14,0,0,0,6792,0,0,0,0,0
"14011",14,0,0,0,5558,0,0,0,0,0
"14012",14,0,0,0,4163,0,0,0,0,0
"14013",14,0,0,0,59721,0,0,0,0,0
"14014",14,0,0,0,8451,0,0,0,0,0
"14015",14,0,0,0,59282,0,0,0,0,0
"14016",14,0,0,0,39417,0,0,0,0,0
"14017",14,0,0,0,12904,0,0,0,0,0
"14018",14,0,0,0,65956,0,0,0,0,0
"14019",14,0,0,0,7313,0,0,0,0,0
"14020",14,0,0,0,10336,0,0,0,0,0
"14021",14,0,0,0,22322,0,0,0,0,0
"14022",14,0,0,0,41612,0,0,0,0,0
"14023",14,9,7,0,103065,104042,0,0.087,0.067,0
"14024",14,0,0,0,26708,0,0,0,0,0
"14025",14,0,0,0,18728,0,0,0,0,0
"14026",14,0,0,0,6168,0,0,0,0,0
"14027",14,0,0,0,17678,0,0,0,0,0
"14028",14,0,0,0,2227,0,0,0,0,0
"14029",14,0,0,0,18357,0,0,0,0,0
"14030",14,0,0,0,50605,0,0,0,0,0
"14031",14,0,0,0,3884,0,0,0,0,0
"14032",14,0,0,0,6026,0,0,0,0,0
"14033",14,0,0,0,21878,0,0,0,0,0
"14034",14,0,0,0,2152,0,0,0,0,0
"14035",14,0,0,0,52964,0,0,0,0,0
"14036",14,0,0,0,19074,0,0,0,0,0
"14037",14,0,0,0,24629,0,0,0,0,0
"14038",14,0,0,0,4401,0,0,0,0,0
"14039",14,188,199,146,1506426,1499340,1500000,0.12,0.13,0.097
"14040",14,0,0,0,10870,0,0,0,0,0
"14041",14,0,0,0,6341,0,0,0,0,0
"14042",14,0,0,0,9072,0,0,0,0,0
"14043",14,0,0,0,24421,0,0,0,0,0
"14044",14,0,0,0,46198,0,0,0,0,0
"14045",14,0,0,0,19419,0,0,0,0,0
"14046",14,0,0,0,33032,0,0,0,0,0
"14047",14,0,0,0,23498,0,0,0,0,0
"14048",14,0,0,0,19054,0,0,0,0,0
"14049",14,0,0,0,9875,0,0,0,0,0
"14050",14,0,0,0,43508,0,0,0,0,0
"14051",14,0,0,0,13653,0,0,0,0,0
"14052",14,0,0,0,5620,0,0,0,0,0
"14053",14,24,20,12,159060,161204,160000,0.15,0.12,0.074
"14054",14,0,0,0,5568,0,0,0,0,0
"14055",14,0,0,0,22098,0,0,0,0,0
"14056",14,0,0,0,2515,0,0,0,0,0
"14057",14,0,0,0,3834,0,0,0,0,0
"14058",14,0,0,0,14628,0,0,0,0,0
"14059",14,0,0,0,13744,0,0,0,0,0
"14060",14,0,0,0,6096,0,0,0,0,0
"14061",14,0,0,0,18633,0,0,0,0,0
"14062",14,0,0,0,3680,0,0,0,0,0
"14063",14,12,12,24,94996,95718,96000,0.13,0.13,0.25
"14064",14,0,0,0,30804,0,0,0,0,0
"14065",14,0,0,0,12346,0,0,0,0,0
"14066",14,0,0,0,49838,0,0,0,0,0
"14067",14,56,53,30,268046,273372,280000,0.21,0.19,0.11
"14068",14,0,0,0,11862,0,0,0,0,0
"14069",14,0,0,0,8850,0,0,0,0,0
"14070",14,37,39,49,146040,149574,150000,0.25,0.26,0.32
"14071",14,0,0,0,3219,0,0,0,0,0
"14072",14,0,0,0,6835,0,0,0,0,0
"14073",14,0,0,0,67868,0,0,0,0,0
"14074",14,0,0,0,16310,0,0,0,0,0
"14075",14,0,0,0,3848,0,0,0,0,0
"14076",14,0,0,0,3483,0,0,0,0,0
"14077",14,0,0,0,27088,0,0,0,0,0
"14078",14,0,0,0,32568,0,0,0,0,0
"14079",14,0,0,0,14512,0,0,0,0,0
"14080",14,0,0,0,5830,0,0,0,0,0
"14081",14,0,0,0,3770,0,0,0,0,0
"14082",14,0,0,0,35320,0,0,0,0,0
"14083",14,0,0,0,72826,0,0,0,0,0
"14093",14,9,10,15,140062,141618,140000,0.064,0.071,0.1
"14097",14,55,65,60,467219,492327,510000,0.12,0.13,0.12
"14098",14,112,114,97,626078,633331,640000,0.18,0.18,0.15
"14101",14,59,78,63,500619,510251,520000,0.12,0.15,0.12
"14120",14,250,202,210,1283618,1300046,1300000,0.19,0.16,0.16
"14123",14,0,0,7,0,0,18000,0,0,0.38
"15001",15,2,9,2,63643,64424,65000,0.031,0.14,0.031
"15002",15,11,12,19,156052,164926,170000,0.07,0.073,0.11
"15003",15,1,2,4,47156,47906,49000,0.021,0.042,0.082
"15004",15,0,2,0,15452,15612,16000,0,0.13,0
"15005",15,10,13,10,157108,160499,160000,0.064,0.081,0.061
"15006",15,0,0,0,11709,12020,12000,0,0,0
"15007",15,2,3,4,24163,24586,25000,0.083,0.12,0.16
"15008",15,1,0,0,27041,27048,27000,0.037,0,0
"15009",15,7,13,7,50056,50430,51000,0.14,0.26,0.14
"15010",15,4,4,4,28874,29270,30000,0.14,0.14,0.14
"15011",15,7,18,3,61357,63428,65000,0.11,0.28,0.046
"15012",15,5,2,2,10934,11156,11000,0.46,0.18,0.18
"15013",15,22,40,53,512332,518766,530000,0.043,0.077,0.1
"15014",15,1,7,5,100500,103072,110000,0.01,0.068,0.047
"15015",15,1,3,0,29414,30028,31000,0.034,0.1,0
"15016",15,2,0,1,27196,27776,28000,0.074,0,0.035
"15017",15,1,1,1,9812,10200,11000,0.1,0.098,0.095
"15018",15,2,7,2,50478,51772,53000,0.04,0.14,0.038
"15019",15,3,3,3,35975,36587,37000,0.083,0.082,0.081
"15020",15,15,27,28,287061,288886,290000,0.052,0.093,0.096
"15021",15,3,9,0,38172,38816,39000,0.079,0.23,0
"15022",15,4,5,2,12556,12640,13000,0.32,0.4,0.16
"15023",15,11,9,11,40198,40423,41000,0.27,0.22,0.27
"15024",15,8,14,19,152142,156958,160000,0.053,0.089,0.12
"15025",15,55,82,58,333339,342220,350000,0.16,0.24,0.17
"15026",15,0,1,0,29788,30667,31000,0,0.033,0
"15027",15,0,2,0,10804,11290,12000,0,0.18,0
"15028",15,2,0,2,27902,28505,29000,0.072,0,0.069
"15029",15,8,17,23,181737,183572,190000,0.044,0.093,0.12
"15030",15,1,4,1,24294,24820,25000,0.041,0.16,0.04
"15031",15,45,76,96,655120,670029,680000,0.069,0.11,0.14
"15032",15,1,7,2,35194,35764,36000,0.028,0.2,0.055
"15033",15,325,383,312,1710001,1721195,1700000,0.19,0.22,0.18
"15034",15,0,0,0,9912,10098,10000,0,0,0
"15035",15,4,12,22,113922,120263,130000,0.035,0.1,0.17
"15036",15,2,0,1,41828,42444,43000,0.048,0,0.023
"15037",15,20,26,24,254990,259148,260000,0.078,0.1,0.091
"15038",15,3,0,1,10968,11207,11000,0.27,0,0.087
"15039",15,51,49,38,492192,500428,510000,0.1,0.098,0.075
"15040",15,3,2,3,35362,35952,37000,0.085,0.056,0.082
"15041",15,1,0,0,6864,6915,7000,0.15,0,0
"15042",15,4,6,14,149459,152220,150000,0.027,0.039,0.09
"15043",15,1,4,1,29436,30494,31000,0.034,0.13,0.032
"15044",15,1,1,2,27251,27459,28000,0.037,0.036,0.072
"15045",15,3,17,17,89341,91371,93000,0.034,0.19,0.18
"15046",15,3,1,2,19582,20224,21000,0.15,0.049,0.096
"15047",15,1,3,2,73135,74560,76000,0.014,0.04,0.026
"15048",15,2,1,1,64495,65567,67000,0.031,0.015,0.015
"15049",15,0,0,2,13670,13958,14000,0,0,0.14
"15050",15,3,4,5,24826,25268,26000,0.12,0.16,0.19
"15051",15,3,15,13,146285,150819,150000,0.021,0.099,0.084
"15052",15,2,5,2,27010,27438,28000,0.074,0.18,0.072
"15053",15,5,3,7,55066,57053,59000,0.091,0.053,0.12
"15054",15,6,16,13,224022,226854,230000,0.027,0.071,0.057
"15055",15,0,0,2,12472,12748,13000,0,0,0.15
"15056",15,1,1,0,29720,30088,30000,0.034,0.033,0
"15057",15,113,190,121,866126,874128,880000,0.13,0.22,0.14
"15058",15,137,171,169,1145258,1151636,1200000,0.12,0.15,0.15
"15059",15,4,6,6,38640,40530,42000,0.1,0.15,0.14
"15060",15,23,40,28,393232,403280,410000,0.058,0.099,0.068
"15061",15,1,0,3,9316,9442,9600,0.11,0,0.31
"15062",15,2,6,8,65624,66955,68000,0.03,0.09,0.12
"15063",15,3,8,7,34028,34830,36000,0.088,0.23,0.2
"15064",15,0,2,1,36064,36552,37000,0,0.055,0.027
"15065",15,5,3,7,36368,37098,38000,0.14,0.081,0.19
"15066",15,0,3,0,5042,5074,5100,0,0.59,0
"15067",15,7,6,4,82934,84658,86000,0.084,0.071,0.046
"15068",15,3,3,2,28858,29408,30000,0.1,0.1,0.067
"15069",15,0,0,0,4368,4439,4500,0,0,0
"15070",15,35,38,49,267210,271568,280000,0.13,0.14,0.18
"15071",15,3,1,1,13586,13742,14000,0.22,0.073,0.072
"15072",15,0,0,0,13550,13838,14000,0,0,0
"15073",15,2,1,1,25297,26722,28000,0.079,0.037,0.036
"15074",15,4,6,5,129606,132704,140000,0.031,0.045,0.037
"15075",15,1,1,3,26454,27039,28000,0.038,0.037,0.11
"15076",15,3,7,5,76212,77387,79000,0.039,0.09,0.064
"15077",15,0,2,0,6641,6767,6900,0,0.3,0
"15078",15,1,3,0,9444,9523,9600,0.11,0.32,0
"15079",15,4,4,1,12408,12604,13000,0.32,0.32,0.078
"15080",15,4,2,1,26740,26934,27000,0.15,0.074,0.037
"15081",15,40,56,42,399874,414582,430000,0.1,0.14,0.098
"15082",15,16,17,6,75032,76308,78000,0.21,0.22,0.077
"15083",15,0,1,2,11806,12006,12000,0,0.083,0.16
"15084",15,2,6,2,37792,38345,39000,0.053,0.16,0.051
"15085",15,0,3,3,65632,66516,67000,0,0.045,0.044
"15086",15,1,2,3,34380,34788,35000,0.029,0.057,0.085
"15087",15,4,7,5,95401,97307,99000,0.042,0.072,0.05
"15088",15,5,9,5,96256,98056,1e+05,0.052,0.092,0.05
"15089",15,3,1,0,11212,11422,12000,0.27,0.088,0
"15090",15,4,6,3,82570,84122,86000,0.048,0.071,0.035
"15091",15,6,9,8,64016,63054,63000,0.094,0.14,0.13
"15092",15,6,4,5,56204,57325,58000,0.11,0.07,0.086
"15093",15,0,2,1,29382,29830,30000,0,0.067,0.033
"15094",15,0,1,1,19260,19558,20000,0,0.051,0.05
"15095",15,11,18,15,96696,99985,1e+05,0.11,0.18,0.15
"15096",15,2,1,1,35660,36213,37000,0.056,0.028,0.027
"15097",15,0,0,2,18255,18510,19000,0,0,0.11
"15098",15,0,0,0,5404,5506,5600,0,0,0
"15099",15,18,29,23,249351,254266,260000,0.072,0.11,0.089
"15100",15,4,8,2,38862,40403,42000,0.1,0.2,0.048
"15101",15,2,5,6,74411,75622,77000,0.027,0.066,0.078
"15102",15,0,1,2,16112,16328,17000,0,0.061,0.12
"15103",15,9,5,7,48224,48814,49000,0.19,0.1,0.14
"15104",15,69,83,118,684800,688350,690000,0.1,0.12,0.17
"15105",15,0,3,0,33933,34028,34000,0,0.088,0
"15106",15,56,102,100,864296,879108,890000,0.065,0.12,0.11
"15107",15,1,0,2,12772,12978,13000,0.078,0,0.15
"15108",15,11,12,18,92931,91326,90000,0.12,0.13,0.2
"15109",15,54,73,75,554724,565130,580000,0.097,0.13,0.13
"15110",15,6,8,12,65708,67172,69000,0.091,0.12,0.18
"15111",15,0,3,2,50392,51298,52000,0,0.058,0.038
"15112",15,3,3,2,47421,48274,49000,0.063,0.062,0.041
"15113",15,1,8,4,63588,64802,66000,0.016,0.12,0.061
"15114",15,4,12,8,100605,102898,110000,0.04,0.12,0.076
"15115",15,3,3,3,47977,48366,49000,0.063,0.062,0.061
"15116",15,1,2,1,4220,4260,4300,0.24,0.47,0.23
"15117",15,5,4,3,15881,16098,16000,0.31,0.25,0.18
"15118",15,6,11,16,180903,185988,190000,0.033,0.059,0.084
"15119",15,3,3,1,16916,17026,17000,0.18,0.18,0.058
"15120",15,14,22,24,172294,177244,180000,0.081,0.12,0.13
"15121",15,53,76,72,533982,540154,550000,0.099,0.14,0.13
"15122",15,49,51,44,375193,380819,390000,0.13,0.13,0.11
"15123",15,1,4,5,28531,28529,29000,0.035,0.14,0.17
"15124",15,2,4,7,96210,97802,99000,0.021,0.041,0.07
"15125",15,2,5,3,11054,11380,12000,0.18,0.44,0.26
"16001",16,2,4,4,11264,11328,11000,0.18,0.35,0.35
"16002",16,4,6,13,16372,16269,16000,0.24,0.37,0.8
"16003",16,0,1,6,21540,21718,22000,0,0.046,0.27
"16004",16,0,0,1,15338,15570,16000,0,0,0.063
"16005",16,2,0,0,10980,11026,11000,0.18,0,0
"16006",16,43,34,77,126474,127129,130000,0.34,0.27,0.6
"16007",16,1,2,0,3368,3423,3500,0.3,0.58,0
"16008",16,23,7,12,24133,24296,24000,0.95,0.29,0.49
"16009",16,4,6,5,35767,35998,36000,0.11,0.17,0.14
"16010",16,6,2,6,22062,22026,22000,0.27,0.091,0.27
"16011",16,4,5,5,10940,11020,11000,0.37,0.45,0.45
"16012",16,6,9,42,43465,43798,44000,0.14,0.21,0.95
"16013",16,6,7,0,9286,9198,9100,0.65,0.76,0
"16014",16,10,10,6,14792,15026,15000,0.68,0.67,0.39
"16015",16,4,7,8,17756,17595,18000,0.23,0.4,0.46
"16016",16,3,1,0,20894,20958,21000,0.14,0.048,0
"16017",16,0,3,2,33667,33820,34000,0,0.089,0.059
"16018",16,3,0,0,9222,9291,9400,0.33,0,0
"16019",16,1,1,3,20114,20222,20000,0.05,0.049,0.15
"16020",16,4,4,3,28870,29024,29000,0.14,0.14,0.1
"16021",16,2,1,1,12602,12740,13000,0.16,0.078,0.078
"16022",16,5,5,13,22368,22537,23000,0.22,0.22,0.57
"16023",16,1,2,1,10122,10110,10000,0.099,0.2,0.099
"16024",16,2,5,0,18832,19065,19000,0.11,0.26,0
"16025",16,1,6,2,38112,38790,39000,0.026,0.15,0.051
"16026",16,0,0,4,5325,5284,5300,0,0,0.76
"16027",16,0,0,1,5197,5137,5100,0,0,0.2
"16028",16,2,2,1,5621,5596,5600,0.36,0.36,0.18
"16029",16,2,1,3,14586,14593,15000,0.14,0.069,0.21
"16030",16,4,4,4,13060,13073,13000,0.31,0.31,0.31
"16031",16,2,1,2,16433,16393,16000,0.12,0.061,0.12
"16032",16,0,0,0,15001,15124,15000,0,0,0
"16033",16,4,6,10,21812,21925,22000,0.18,0.27,0.45
"16034",16,18,13,13,120174,120784,120000,0.15,0.11,0.11
"16035",16,5,1,9,33212,33154,33000,0.15,0.03,0.27
"16036",16,1,2,4,11822,11861,12000,0.085,0.17,0.34
"16037",16,1,1,4,8128,8140,8100,0.12,0.12,0.49
"16038",16,8,7,8,42448,42321,42000,0.19,0.17,0.19
"16039",16,0,0,1,8107,8144,8200,0,0,0.12
"16040",16,2,4,2,16863,16968,17000,0.12,0.24,0.12
"16041",16,1,3,1,15706,16100,16000,0.064,0.19,0.061
"16042",16,7,1,3,13850,13883,14000,0.51,0.072,0.22
"16043",16,6,4,5,65310,65574,66000,0.092,0.061,0.076
"16044",16,1,2,2,13451,13442,13000,0.074,0.15,0.15
"16045",16,6,12,8,35098,35326,36000,0.17,0.34,0.23
"16046",16,7,4,0,14025,14151,14000,0.5,0.28,0
"16047",16,2,5,2,20346,20414,20000,0.098,0.24,0.098
"16048",16,1,3,3,5694,5752,5800,0.18,0.52,0.52
"16049",16,4,0,7,17872,17984,18000,0.22,0,0.39
"16050",16,4,11,6,83208,84212,85000,0.048,0.13,0.07
"16051",16,3,5,0,13638,13854,14000,0.22,0.36,0
"16052",16,57,32,42,184248,185842,190000,0.31,0.17,0.22
"16053",16,151,138,209,748758,754213,760000,0.2,0.18,0.28
"16054",16,0,0,2,8148,8061,8000,0,0,0.25
"16055",16,15,6,11,46416,46832,47000,0.32,0.13,0.23
"16056",16,1,1,2,27837,27987,28000,0.036,0.036,0.071
"16057",16,5,3,3,7894,7856,7800,0.63,0.38,0.38
"16058",16,0,0,0,19669,19950,20000,0,0,0
"16059",16,3,2,0,8415,8450,8500,0.36,0.24,0
"16060",16,0,1,2,9733,9738,9800,0,0.1,0.21
"16061",16,0,2,0,23077,23180,23000,0,0.086,0
"16062",16,1,4,2,19771,19802,20000,0.051,0.2,0.1
"16063",16,1,3,3,16261,16229,16000,0.061,0.18,0.18
"16064",16,6,2,7,26044,26226,26000,0.23,0.076,0.27
"16065",16,2,5,4,35692,35972,36000,0.056,0.14,0.11
"16066",16,14,16,13,90361,91099,92000,0.15,0.18,0.14
"16067",16,0,0,1,17470,17504,18000,0,0,0.057
"16068",16,4,7,9,26481,26916,27000,0.15,0.26,0.33
"16069",16,14,8,7,102488,103334,1e+05,0.14,0.077,0.067
"16070",16,1,1,0,15506,15437,15000,0.064,0.065,0
"16071",16,2,3,4,69021,69195,69000,0.029,0.043,0.058
"16072",16,1,0,2,13878,13955,14000,0.072,0,0.14
"16073",16,1,7,4,26336,26552,27000,0.038,0.26,0.15
"16074",16,5,3,1,10174,10200,10000,0.49,0.29,0.098
"16075",16,5,7,11,67584,68909,70000,0.074,0.1,0.16
"16076",16,6,9,13,75986,77110,78000,0.079,0.12,0.17
"16077",16,7,16,4,18878,18962,19000,0.37,0.84,0.21
"16078",16,0,1,1,12875,12930,13000,0,0.077,0.077
"16079",16,2,7,8,47137,47805,48000,0.042,0.15,0.17
"16080",16,2,2,2,19108,19329,20000,0.1,0.1,0.1
"16081",16,2,5,0,8980,9060,9100,0.22,0.55,0
"16082",16,9,11,8,72820,73806,75000,0.12,0.15,0.11
"16083",16,11,6,20,30302,30558,31000,0.36,0.2,0.65
"16084",16,4,2,6,28856,29205,30000,0.14,0.068,0.2
"16085",16,4,0,3,33492,33671,34000,0.12,0,0.089
"16086",16,9,16,9,15394,15394,15000,0.58,1,0.58
"16087",16,1,1,10,13933,14033,14000,0.072,0.071,0.71
"16088",16,7,12,18,86626,90217,93000,0.081,0.13,0.19
"16089",16,8,6,18,23317,23320,23000,0.34,0.26,0.77
"16090",16,0,1,1,14362,14488,15000,0,0.069,0.068
"16091",16,0,3,1,13838,13912,14000,0,0.22,0.072
"16092",16,8,5,7,14460,14438,14000,0.55,0.35,0.48
"16093",16,2,0,0,28247,28412,29000,0.071,0,0
"16094",16,4,1,1,6960,6939,6900,0.57,0.14,0.14
"16095",16,1,1,4,11958,12104,12000,0.084,0.083,0.33
"16096",16,0,0,4,7937,7840,7800,0,0,0.51
"16097",16,3,6,5,32260,32109,32000,0.093,0.19,0.16
"16098",16,0,5,3,26548,26660,27000,0,0.19,0.11
"16099",16,6,12,4,16570,16604,17000,0.36,0.72,0.24
"16100",16,1,4,1,14004,14140,14000,0.071,0.28,0.07
"16101",16,4,0,0,9231,9131,9100,0.43,0,0
"16102",16,46,45,63,326738,330484,330000,0.14,0.14,0.19
"16103",16,6,5,2,24054,24199,24000,0.25,0.21,0.082
"16104",16,2,0,1,17426,17532,18000,0.11,0,0.057
"16105",16,13,13,6,19422,19518,20000,0.67,0.67,0.31
"16106",16,20,25,18,31117,31488,32000,0.64,0.79,0.57
"16107",16,2,3,9,74639,74786,75000,0.027,0.04,0.12
"16108",16,28,23,31,191048,192364,190000,0.15,0.12,0.16
"16109",16,0,0,0,3288,3273,3300,0,0,0
"16110",16,7,7,6,47564,47732,48000,0.15,0.15,0.13
"16111",16,2,2,9,15656,15778,16000,0.13,0.13,0.57
"16112",16,26,28,11,160978,162798,160000,0.16,0.17,0.067
"16113",16,3,1,2,26160,26292,26000,0.11,0.038,0.076
"17001",17,0,6,7,17568,17785,18000,0,0.34,0.39
"17002",17,0,8,5,20360,21013,22000,0,0.38,0.23
"17003",17,1,9,4,34804,35198,36000,0.029,0.26,0.11
"17004",17,13,7,10,81793,82906,84000,0.16,0.084,0.12
"17005",17,3,2,4,9842,9982,10000,0.3,0.2,0.4
"17006",17,51,90,65,181042,183221,190000,0.28,0.49,0.35
"17007",17,184,270,127,374500,377666,380000,0.49,0.71,0.33
"17008",17,31,12,31,87997,89910,92000,0.35,0.13,0.34
"17009",17,0,7,2,18150,18477,19000,0,0.38,0.11
"17010",17,1,1,4,16287,16530,17000,0.061,0.06,0.24
"17011",17,26,50,66,203616,206179,210000,0.13,0.24,0.32
"17012",17,37,80,25,56667,57222,58000,0.65,1.4,0.43
"17013",17,1,10,2,15026,15178,15000,0.067,0.66,0.13
"17014",17,1,4,2,9718,9812,9900,0.1,0.41,0.2
"17015",17,13,8,13,25829,26130,26000,0.5,0.31,0.49
"17016",17,1,2,4,17346,17515,18000,0.058,0.11,0.23
"17017",17,26,55,38,63504,64222,65000,0.41,0.86,0.58
"17018",17,44,55,44,111748,113124,110000,0.39,0.49,0.38
"17019",17,1,5,1,26149,26423,27000,0.038,0.19,0.037
"17020",17,1,15,9,43446,44192,45000,0.023,0.34,0.2
"17021",17,1,10,3,7756,7880,8000,0.13,1.3,0.38
"17022",17,0,1,2,19770,19995,20000,0,0.05,0.099
"17023",17,0,0,1,6870,6952,7000,0,0,0.14
"17024",17,2,46,26,50389,50942,52000,0.04,0.9,0.5
"17025",17,4,9,6,32339,32619,33000,0.12,0.28,0.18
"17026",17,0,2,6,17204,17465,18000,0,0.11,0.34
"17027",17,0,2,2,11080,11174,11000,0,0.18,0.18
"17028",17,29,22,29,66437,67714,69000,0.44,0.32,0.42
"17029",17,38,42,38,102094,103791,110000,0.37,0.4,0.36
"17030",17,2,14,9,48942,49810,51000,0.041,0.28,0.18
"17031",17,1,15,11,35852,36102,36000,0.028,0.42,0.3
"17032",17,0,1,0,9456,9599,9700,0,0.1,0
"17033",17,2,0,1,15420,15772,16000,0.13,0,0.062
"18001",18,32,17,11,37796,38188,39000,0.85,0.45,0.29
"18002",18,3,2,4,15742,15889,16000,0.19,0.13,0.25
"18003",18,1,2,1,11542,11653,12000,0.087,0.17,0.085
"18004",18,14,12,3,73669,75014,76000,0.19,0.16,0.04
"18005",18,6,10,4,11748,11877,12000,0.51,0.84,0.33
"18006",18,5,1,4,28239,28482,29000,0.18,0.035,0.14
"18007",18,1,5,1,18454,18697,19000,0.054,0.27,0.053
"18008",18,30,5,10,51816,52902,54000,0.58,0.095,0.19
"18009",18,29,19,16,35576,35983,36000,0.82,0.53,0.44
"18010",18,15,8,15,35564,35929,36000,0.42,0.22,0.41
"18011",18,27,18,16,24525,24900,25000,1.1,0.72,0.63
"18012",18,13,8,5,45314,46089,47000,0.29,0.17,0.11
"18013",18,0,1,1,0,7754,7800,0,0.13,0.13
"18014",18,10,6,0,23109,23277,0,0.43,0.26,0
"18015",18,20,17,4,97060,98335,1e+05,0.21,0.17,0.04
"18016",18,16,11,6,41041,41420,42000,0.39,0.27,0.14
"18017",18,208,69,25,400847,408984,420000,0.52,0.17,0.06
"18018",18,13,3,3,30975,31260,32000,0.42,0.096,0.095
"18019",18,3,4,3,14148,14400,15000,0.21,0.28,0.2
"18020",18,10,26,9,138396,144920,150000,0.072,0.18,0.06
"19001",19,0,0,0,2840,0,0,0,0,0
"19002",19,0,0,0,3468,0,0,0,0,0
"19003",19,0,0,0,1342,0,0,0,0,0
"19004",19,0,0,0,33738,0,0,0,0,0
"19005",19,0,0,0,18818,0,0,0,0,0
"19006",19,127,136,70,555570,569896,580000,0.23,0.24,0.12
"19007",19,0,0,0,15767,0,0,0,0,0
"19008",19,0,0,0,3914,0,0,0,0,0
"19009",19,119,143,0,90712,91899,0,1.3,1.6,0
"19010",19,0,0,0,18220,0,0,0,0,0
"19011",19,0,0,0,7926,0,0,0,0,0
"19012",19,0,0,0,27651,0,0,0,0,0
"19013",19,0,0,0,11076,0,0,0,0,0
"19014",19,0,0,0,36204,0,0,0,0,0
"19015",19,0,0,0,1758,0,0,0,0,0
"19016",19,0,0,0,3435,0,0,0,0,0
"19017",19,4,4,0,40680,40756,0,0.098,0.098,0
"19018",19,20,19,0,161703,167845,0,0.12,0.11,0
"19019",19,19,10,2,126092,127310,130000,0.15,0.079,0.016
"19020",19,0,0,0,5616,0,0,0,0,0
"19021",19,73,65,31,376865,385024,390000,0.19,0.17,0.079
"19022",19,0,0,0,14689,0,0,0,0,0
"19023",19,0,0,0,1263,0,0,0,0,0
"19024",19,0,0,0,6050,0,0,0,0,0
"19025",19,6,0,0,63174,66005,0,0.095,0,0
"19026",19,254,92,60,687780,689726,690000,0.37,0.13,0.087
"19027",19,0,0,0,2085,0,0,0,0,0
"19028",19,0,0,0,1653,0,0,0,0,0
"19029",19,0,0,0,7075,0,0,0,0,0
"19030",19,0,0,0,3600,0,0,0,0,0
"19031",19,76,70,0,288722,299521,0,0.26,0.23,0
"19032",19,0,0,0,5650,0,0,0,0,0
"19033",19,24,8,0,81563,82272,0,0.29,0.097,0
"19034",19,0,0,0,5578,0,0,0,0,0
"19035",19,0,0,0,846,0,0,0,0,0
"19036",19,0,0,0,7170,0,0,0,0,0
"19037",19,0,0,0,5536,0,0,0,0,0
"19038",19,57,17,0,61224,61739,0,0.93,0.28,0
"19039",19,700,551,266,1156558,1161984,1200000,0.61,0.47,0.23
"19040",19,0,0,0,1074,0,0,0,0,0
"19041",19,0,0,0,23598,0,0,0,0,0
"19042",19,0,0,0,5286,0,0,0,0,0
"19043",19,0,0,0,2679,0,0,0,0,0
"19044",19,0,0,0,35784,0,0,0,0,0
"19045",19,0,0,0,34179,0,0,0,0,0
"19046",19,122,83,38,448141,446079,450000,0.27,0.19,0.085
"19047",19,0,0,0,17110,0,0,0,0,0
"19048",19,49,50,34,275723,278016,280000,0.18,0.18,0.12
"19049",19,76,12,0,41682,41949,0,1.8,0.29,0
"19050",19,0,0,0,2025,0,0,0,0,0
"19051",19,0,0,0,4168,0,0,0,0,0
"2001",2,47,54,48,490568,499254,510000,0.096,0.11,0.095
"2002",2,139,155,150,977608,991453,1e+06,0.14,0.16,0.15
"2003",2,29,19,34,105662,107247,110000,0.27,0.18,0.31
"2004",2,418,332,492,1631186,1657312,1700000,0.26,0.2,0.29
"2005",2,40,30,50,96985,99585,1e+05,0.41,0.3,0.49
"20067",20,116,66,115,267883,268051,270000,0.43,0.25,0.43
"20079",20,8,16,13,84979,85687,86000,0.094,0.19,0.15
"20184",20,16,59,39,160548,161878,160000,0.1,0.36,0.24
"20318",20,0,0,20,0,0,48000,0,0,0.42
"20324",20,0,7,0,0,45873,0,0,0.15,0
"20338",20,0,26,0,0,9983,0,0,2.6,0
"20385",20,0,10,4,0,83428,85000,0,0.12,0.047
"20390",20,0,3,0,0,48759,0,0,0.062,0
"20551",20,0,7,2,0,21007,21000,0,0.33,0.095
"21001",21,1,2,3,62760,63646,64000,0.016,0.031,0.047
"21002",21,0,0,1,9143,9208,9300,0,0,0.11
"21003",21,1,11,6,34727,34982,35000,0.029,0.31,0.17
"21004",21,7,3,2,54126,54890,56000,0.13,0.055,0.036
"21005",21,0,0,0,2948,2968,3000,0,0,0
"21006",21,0,2,2,15159,15300,15000,0,0.13,0.13
"21007",21,0,0,0,3454,3454,3500,0,0,0
"21008",21,0,1,4,10804,10920,11000,0,0.092,0.36
"21009",21,0,0,0,2046,2052,2100,0,0,0
"21010",21,5,2,4,62741,63495,64000,0.08,0.031,0.062
"21011",21,0,0,0,1804,1808,1800,0,0,0
"21012",21,0,1,0,6452,6499,6500,0,0.15,0
"21013",21,0,0,0,19674,19946,20000,0,0,0
"21014",21,0,0,0,5060,5068,5100,0,0,0
"21015",21,3,9,6,108010,111120,110000,0.028,0.081,0.053
"21016",21,0,0,1,8054,8116,8200,0,0,0.12
"21017",21,0,0,2,26419,26815,27000,0,0,0.074
"21018",21,0,1,0,3793,3798,3800,0,0.26,0
"21019",21,18,19,14,130440,131532,130000,0.14,0.14,0.11
"21020",21,0,0,0,6570,6610,6700,0,0,0
"21021",21,0,0,1,1247,1250,1300,0,0,0.8
"21022",21,0,2,4,12018,12129,12000,0,0.16,0.33
"21023",21,0,0,0,8615,8666,8700,0,0,0
"21024",21,0,0,0,961,964,960,0,0,0
"21025",21,0,1,2,8355,8410,8500,0,0.12,0.24
"21026",21,0,2,1,14004,14074,14000,0,0.14,0.071
"21027",21,0,0,0,4157,4144,4100,0,0,0
"21028",21,0,0,0,2550,2582,2600,0,0,0
"21029",21,1,0,0,3854,3868,3900,0.26,0,0
"21030",21,0,0,0,779,784,790,0,0,0
"21031",21,0,0,0,2978,2972,3000,0,0,0
"21032",21,0,1,0,1291,1288,1300,0,0.78,0
"21033",21,0,0,0,4939,4998,5000,0,0,0
"21034",21,0,3,3,36252,36910,38000,0,0.081,0.08
"21035",21,0,1,1,19920,19961,20000,0,0.05,0.05
"21036",21,0,0,1,14618,14764,15000,0,0,0.067
"21037",21,0,0,0,2375,2378,2400,0,0,0
"21038",21,0,0,2,9210,9409,9600,0,0,0.21
"21039",21,0,0,0,9502,9606,9700,0,0,0
"21040",21,0,1,0,10094,10344,11000,0,0.097,0
"21041",21,4,6,5,86717,90188,93000,0.046,0.067,0.054
"21042",21,0,1,0,3062,3056,3000,0,0.33,0
"21043",21,0,3,8,48416,48668,49000,0,0.062,0.16
"21044",21,0,2,0,15807,15946,16000,0,0.13,0
"21045",21,5,4,1,45285,45777,46000,0.11,0.087,0.022
"21046",21,0,0,2,7266,7364,7500,0,0,0.27
"21047",21,0,1,1,19440,19534,20000,0,0.051,0.051
"21048",21,0,1,1,19446,19694,20000,0,0.051,0.05
"21049",21,1,1,2,16354,16562,17000,0.061,0.06,0.12
"21050",21,0,1,0,24508,24592,25000,0,0.041,0
"21051",21,0,5,7,34712,34902,35000,0,0.14,0.2
"21052",21,0,0,0,1254,1261,1300,0,0,0
"21053",21,4,13,5,60285,61167,62000,0.066,0.21,0.081
"21054",21,2,1,2,31580,32113,33000,0.063,0.031,0.061
"21055",21,1,0,2,4796,4813,4800,0.21,0,0.41
"21056",21,0,0,1,1257,1259,1300,0,0,0.79
"21057",21,0,1,0,7736,7828,7900,0,0.13,0
"21058",21,0,0,0,19638,19713,20000,0,0,0
"21059",21,0,1,2,2545,2568,2600,0,0.39,0.77
"21060",21,0,0,1,7364,7543,7700,0,0,0.13
"21061",21,0,1,2,12927,13049,13000,0,0.077,0.15
"21062",21,1,0,2,4744,4790,4800,0.21,0,0.41
"21063",21,2,5,4,14080,14160,14000,0.14,0.35,0.28
"21064",21,2,2,3,16592,16661,17000,0.12,0.12,0.18
"21065",21,0,1,0,19636,19832,20000,0,0.05,0
"21066",21,0,3,0,6368,6373,6400,0,0.47,0
"21067",21,0,3,1,17090,17280,17000,0,0.17,0.057
"21068",21,0,0,0,7842,7870,7900,0,0,0
"21069",21,0,5,4,25794,25863,26000,0,0.19,0.15
"21070",21,0,0,0,6776,6804,6800,0,0,0
"21071",21,10,17,9,100910,102016,1e+05,0.099,0.17,0.087
"21072",21,0,1,0,15873,15876,16000,0,0.063,0
"21073",21,1,1,1,8898,8960,9000,0.11,0.11,0.11
"21074",21,11,12,9,65269,65888,67000,0.17,0.18,0.14
"21075",21,0,1,1,12210,12314,12000,0,0.081,0.08
"21076",21,1,1,1,27228,27361,28000,0.037,0.037,0.036
"21077",21,0,0,0,6065,6222,6300,0,0,0
"21078",21,1,0,1,14560,14756,15000,0.069,0,0.067
"21079",21,2,1,0,5472,5529,5600,0.37,0.18,0
"21080",21,0,0,0,2832,2825,2800,0,0,0
"21081",21,1,0,1,3767,3778,3800,0.27,0,0.26
"21082",21,0,0,0,8350,8438,8500,0,0,0
"21083",21,1,0,1,25674,25699,26000,0.039,0,0.039
"21084",21,0,0,0,6901,6913,6900,0,0,0
"21085",21,16,23,15,74791,75406,76000,0.21,0.31,0.2
"21086",21,3,0,2,12854,12942,13000,0.23,0,0.15
"21087",21,0,1,1,13032,13138,13000,0,0.076,0.076
"21088",21,0,0,0,4653,4656,4700,0,0,0
"21089",21,0,0,1,13246,13298,13000,0,0,0.075
"21090",21,1,1,2,19744,20244,21000,0.051,0.049,0.097
"21091",21,0,0,0,10552,10662,11000,0,0,0
"21092",21,0,0,0,5341,5370,5400,0,0,0
"21093",21,0,2,0,7864,7868,7900,0,0.25,0
"21094",21,0,6,1,32708,33117,34000,0,0.18,0.03
"21095",21,0,0,0,506,514,520,0,0,0
"21096",21,0,0,0,2717,2746,2800,0,0,0
"21097",21,0,0,0,2265,2280,2300,0,0,0
"21098",21,0,2,0,6426,6491,6500,0,0.31,0
"21099",21,0,2,3,19442,19578,20000,0,0.1,0.15
"21100",21,1,2,1,9859,9882,9900,0.1,0.2,0.1
"21101",21,0,0,0,3683,3712,3700,0,0,0
"21102",21,0,0,0,12518,12718,13000,0,0,0
"21103",21,2,1,2,6208,6276,6300,0.32,0.16,0.32
"21104",21,1,0,1,28359,28754,29000,0.035,0,0.034
"21105",21,0,0,0,4956,4988,5000,0,0,0
"21106",21,0,0,4,27216,27844,28000,0,0,0.14
"21107",21,0,0,0,11643,11616,12000,0,0,0
"21108",21,1,0,0,17345,17636,18000,0.058,0,0
"21109",21,2,3,3,21438,21726,22000,0.093,0.14,0.14
"21110",21,5,4,2,44304,44786,45000,0.11,0.089,0.044
"21111",21,2,4,2,18765,18852,19000,0.11,0.21,0.11
"21112",21,0,1,2,9523,9548,9600,0,0.1,0.21
"21113",21,0,5,0,4748,4800,4800,0,1,0
"21114",21,141,125,67,1583012,1597825,1600000,0.089,0.078,0.042
"21115",21,2,7,4,48955,49545,50000,0.041,0.14,0.08
"21116",21,0,2,0,21801,21955,22000,0,0.091,0
"21117",21,0,0,1,14538,14706,15000,0,0,0.067
"21118",21,0,0,0,26218,26415,27000,0,0,0
"21119",21,23,8,13,107294,110340,110000,0.21,0.073,0.12
"21120",21,1,0,0,5334,5424,5500,0.19,0,0
"21121",21,0,0,0,1124,1119,1100,0,0,0
"21122",21,0,2,1,9786,9919,10000,0,0.2,0.1
"21123",21,0,1,1,4141,4135,4100,0,0.24,0.24
"21124",21,0,0,1,14978,15177,15000,0,0,0.065
"21125",21,0,0,1,8594,8785,8900,0,0,0.11
"21126",21,0,0,0,6052,6146,6200,0,0,0
"21127",21,1,2,1,3819,3816,3800,0.26,0.52,0.26
"21128",21,0,0,1,8358,8451,8500,0,0,0.12
"21129",21,0,0,1,13117,13256,13000,0,0,0.075
"21130",21,0,0,0,3498,3518,3500,0,0,0
"21131",21,0,0,0,901,912,920,0,0,0
"21132",21,9,5,10,146118,147968,150000,0.062,0.034,0.067
"21133",21,0,0,0,641,638,630,0,0,0
"21134",21,0,5,1,20190,20528,21000,0,0.24,0.048
"21135",21,0,0,0,595,594,590,0,0,0
"21136",21,0,1,0,11994,12128,12000,0,0.082,0
"21137",21,0,1,0,9524,9644,9800,0,0.1,0
"21138",21,0,0,1,11151,11276,11000,0,0,0.088
"21139",21,1,0,1,3672,3714,3800,0.27,0,0.27
"21140",21,24,17,5,124247,125612,130000,0.19,0.14,0.039
"21141",21,0,1,0,3493,3520,3500,0,0.28,0
"21142",21,0,3,2,28559,28895,29000,0,0.1,0.068
"21143",21,2,2,2,29984,30620,31000,0.067,0.065,0.064
"21144",21,0,0,0,14085,14288,14000,0,0,0
"21145",21,0,0,1,13815,13880,14000,0,0,0.072
"21146",21,0,0,0,896,900,900,0,0,0
"21147",21,0,1,0,6066,6094,6100,0,0.16,0
"21148",21,0,1,1,7971,7937,7900,0,0.13,0.13
"21149",21,1,0,3,23154,23642,24000,0.043,0,0.12
"21150",21,0,1,0,7288,7367,7400,0,0.14,0
"21151",21,0,0,1,8256,8344,8400,0,0,0.12
"21152",21,0,0,1,12011,12094,12000,0,0,0.082
"21153",21,3,2,5,21066,21359,22000,0.14,0.094,0.23
"21154",21,8,35,10,74416,75518,77000,0.11,0.46,0.13
"21155",21,1,2,0,5644,5726,5800,0.18,0.35,0
"21156",21,80,106,23,283290,286308,290000,0.28,0.37,0.079
"21157",21,0,5,0,11712,11833,12000,0,0.42,0
"21158",21,0,3,1,6876,6896,6900,0,0.44,0.14
"21159",21,0,0,0,4037,4030,4000,0,0,0
"21160",21,0,0,0,3210,3234,3300,0,0,0
"21161",21,1,0,0,19739,20030,20000,0.051,0,0
"21162",21,0,0,0,4337,4364,4400,0,0,0
"21163",21,0,1,0,16820,17014,17000,0,0.059,0
"21164",21,15,9,9,77663,78760,80000,0.19,0.11,0.11
"21165",21,0,0,1,1144,1141,1100,0,0,0.88
"21166",21,0,3,0,8334,8428,8500,0,0.36,0
"21167",21,0,2,2,10509,10596,11000,0,0.19,0.19
"21168",21,13,1,2,6753,6804,6900,1.9,0.15,0.29
"21169",21,0,1,2,21060,21226,21000,0,0.047,0.094
"21170",21,0,1,0,16747,16829,17000,0,0.059,0
"21171",21,0,0,1,3526,3586,3600,0,0,0.28
"21172",21,0,4,0,26538,26763,27000,0,0.15,0
"21173",21,0,0,0,5840,5885,5900,0,0,0
"21174",21,3,5,7,94782,95607,96000,0.032,0.052,0.073
"21175",21,0,1,4,10004,10050,10000,0,0.1,0.4
"21176",21,1,0,3,8576,8616,8700,0.12,0,0.35
"21177",21,0,8,3,49768,50250,51000,0,0.16,0.059
"21178",21,0,4,1,17372,17407,17000,0,0.23,0.057
"21179",21,0,1,1,29400,29676,30000,0,0.034,0.033
"21180",21,2,1,1,37707,38118,39000,0.053,0.026,0.026
"21181",21,1,1,1,6490,6562,6600,0.15,0.15,0.15
"21182",21,0,0,0,4960,5001,5000,0,0,0
"21183",21,3,4,2,20252,20368,21000,0.15,0.2,0.098
"21184",21,0,2,0,6591,6654,6700,0,0.3,0
"21185",21,0,0,0,8654,8734,8800,0,0,0
"21186",21,0,0,2,53268,53892,54000,0,0,0.037
"21187",21,0,1,0,5515,5532,5500,0,0.18,0
"21188",21,0,1,0,17814,18110,18000,0,0.055,0
"21189",21,0,2,1,20372,20606,21000,0,0.097,0.048
"21190",21,0,1,0,1184,1192,1200,0,0.84,0
"21191",21,1,4,2,9531,9636,9700,0.1,0.42,0.21
"21192",21,0,0,0,6118,6162,6200,0,0,0
"21193",21,0,1,0,6429,6496,6600,0,0.15,0
"21194",21,2,6,6,28740,29011,29000,0.07,0.21,0.2
"21195",21,0,3,2,25395,25848,26000,0,0.12,0.076
"21196",21,0,0,0,1737,1770,1800,0,0,0
"21197",21,7,3,9,77764,78439,79000,0.09,0.038,0.11
"21198",21,0,0,0,1262,1267,1300,0,0,0
"21199",21,0,2,1,39145,39571,40000,0,0.051,0.025
"21200",21,0,0,0,3964,3971,4000,0,0,0
"21201",21,0,0,1,3278,3308,3300,0,0,0.3
"21202",21,0,1,2,12522,12598,13000,0,0.079,0.16
"21203",21,0,0,0,6268,6341,6400,0,0,0
"21204",21,0,0,0,7752,7829,7900,0,0,0
"21205",21,0,2,1,23798,24082,24000,0,0.083,0.041
"21206",21,0,0,0,4362,4406,4400,0,0,0
"21207",21,5,3,3,54724,55190,56000,0.091,0.054,0.054
"21208",21,27,9,8,78938,79979,81000,0.34,0.11,0.099
"21209",21,0,1,1,8462,8549,8600,0,0.12,0.12
"21210",21,0,0,0,5772,5832,5900,0,0,0
"21211",21,0,0,2,15982,16175,16000,0,0,0.12
"21212",21,0,0,0,19862,19972,20000,0,0,0
"21213",21,0,3,3,12796,12856,13000,0,0.23,0.23
"21214",21,0,2,1,16226,16422,17000,0,0.12,0.06
"21215",21,0,0,0,4738,4790,4800,0,0,0
"21216",21,0,0,0,2677,2684,2700,0,0,0
"21217",21,1,1,1,21029,21166,21000,0.048,0.047,0.047
"22001",22,6,6,8,63688,64301,65000,0.094,0.093,0.12
"22002",22,2,1,1,27493,27616,28000,0.073,0.036,0.036
"22003",22,1,0,0,13054,13083,13000,0.077,0,0
"22004",22,2,1,2,66008,66794,68000,0.03,0.015,0.03
"22005",22,2,1,5,59897,60644,61000,0.033,0.016,0.081
"22006",22,5,6,5,153852,159103,160000,0.032,0.038,0.031
"22007",22,1,0,1,39095,39524,40000,0.026,0,0.025
"22008",22,2,3,0,36417,36780,37000,0.055,0.082,0
"22009",22,3,2,1,26574,27024,27000,0.11,0.074,0.036
"22010",22,0,1,0,20247,20342,20000,0,0.049,0
"22011",22,7,13,9,126895,132020,140000,0.055,0.098,0.066
"22012",22,0,10,5,66091,67033,68000,0,0.15,0.074
"22013",22,0,0,0,18792,18912,19000,0,0,0
"22014",22,44,47,58,825488,835945,850000,0.053,0.056,0.068
"22015",22,0,0,0,9158,9292,9400,0,0,0
"22016",22,20,14,14,251345,255718,260000,0.08,0.055,0.054
"22017",22,3,3,2,65831,66908,68000,0.046,0.045,0.029
"22018",22,0,2,0,27029,27306,28000,0,0.073,0
"23001",23,3,3,6,83742,85729,88000,0.036,0.035,0.068
"23002",23,6,21,24,79508,81627,84000,0.075,0.26,0.29
"23003",23,2,7,4,17454,18064,19000,0.11,0.39,0.21
"23004",23,29,30,41,219772,225351,230000,0.13,0.13,0.18
"23005",23,184,155,106,705854,727528,750000,0.26,0.21,0.14
"23006",23,2,3,5,38048,38918,40000,0.053,0.077,0.13
"23007",23,1,2,1,26804,27480,28000,0.037,0.073,0.035
"23008",23,25,18,13,176742,185664,190000,0.14,0.097,0.067
"23009",23,8,3,6,30582,31731,33000,0.26,0.095,0.18
"23010",23,3,8,8,39230,40445,42000,0.076,0.2,0.19
"24001",24,1,1,0,19164,19221,19000,0.052,0.052,0
"24002",24,0,0,0,8347,8360,8400,0,0,0
"24003",24,0,0,0,48179,48233,48000,0,0,0
"24004",24,0,0,0,4481,4467,4500,0,0,0
"24005",24,4,0,0,19436,19488,20000,0.21,0,0
"24006",24,0,0,0,9906,9922,10000,0,0,0
"24007",24,0,0,0,19063,19131,19000,0,0,0
"24008",24,3,0,0,21822,21857,22000,0.14,0,0
"24009",24,0,0,1,4254,4289,4400,0,0,0.23
"24010",24,7,3,0,31926,31973,32000,0.22,0.094,0
"24011",24,3,0,0,44716,44844,45000,0.067,0,0
"24012",24,8,1,0,21333,21353,21000,0.38,0.047,0
"24013",24,41,7,2,172666,173300,170000,0.24,0.04,0.011
"24014",24,0,0,1,17173,17139,17000,0,0,0.058
"24015",24,1,1,0,21612,21659,22000,0.046,0.046,0
"24016",24,13,0,1,42820,42978,43000,0.3,0,0.023
"24017",24,1,1,0,26410,26432,27000,0.038,0.038,0
"24018",24,2,0,0,15596,15621,16000,0.13,0,0
"24019",24,0,0,0,5854,5856,5900,0,0,0
"24020",24,17,1,0,94850,95291,96000,0.18,0.01,0
"24021",24,0,0,2,55424,55682,56000,0,0,0.035
"24022",24,2,0,0,19807,19853,20000,0.1,0,0
"24023",24,0,1,0,16118,16158,16000,0,0.062,0
"24024",24,15,3,0,94558,94863,96000,0.16,0.032,0
"24025",24,1,0,0,31284,31421,32000,0.032,0,0
"24026",24,0,1,0,9524,9529,9600,0,0.1,0
"24027",24,5,0,0,10336,10343,10000,0.48,0,0
"24028",24,254,35,46,795659,798606,810000,0.32,0.044,0.057
"24029",24,0,1,3,21496,21436,21000,0,0.047,0.14
"24030",24,0,0,1,5515,5501,5500,0,0,0.18
"24031",24,0,1,1,12108,12136,12000,0,0.082,0.082
"24032",24,2,0,1,41570,41723,42000,0.048,0,0.024
"24033",24,2,0,1,12321,12350,12000,0.16,0,0.08
"24034",24,1,0,1,15506,15578,16000,0.064,0,0.063
"24035",24,1,2,16,281868,283987,290000,0.0035,0.007,0.055
"24036",24,7,0,4,29586,29661,30000,0.24,0,0.13
"24037",24,1,2,3,98558,98710,99000,0.01,0.02,0.03
"24038",24,0,0,1,16004,16007,16000,0,0,0.062
"24039",24,2,0,1,14532,14551,15000,0.14,0,0.068
"24040",24,2,1,1,39054,39180,40000,0.051,0.026,0.025
"24041",24,1,0,1,19529,19538,20000,0.051,0,0.051
"24042",24,2,0,1,14762,14808,15000,0.14,0,0.067
"24043",24,0,0,2,9130,9129,9100,0,0,0.22
"24044",24,0,0,1,8160,8192,8300,0,0,0.12
"24045",24,1,1,1,14726,14744,15000,0.068,0.068,0.068
"24046",24,0,0,2,16772,16826,17000,0,0,0.12
"24047",24,0,0,1,9979,9994,10000,0,0,0.1
"24048",24,0,0,1,5504,5519,5600,0,0,0.18
"24049",24,3,0,2,39136,39277,40000,0.077,0,0.05
"24050",24,0,0,1,48594,48817,49000,0,0,0.02
"24051",24,0,1,0,15224,15258,15000,0,0.066,0
"24052",24,1,1,1,10372,10382,10000,0.096,0.096,0.096
"24053",24,0,0,0,33726,33753,34000,0,0,0
"24054",24,2,2,0,52139,52158,52000,0.038,0.038,0
"24055",24,1,0,0,25443,25550,26000,0.039,0,0
"24056",24,6,0,1,16048,16110,16000,0.37,0,0.061
"24057",24,0,1,0,30648,30658,31000,0,0.033,0
"24058",24,0,0,0,21227,21314,22000,0,0,0
"25001",25,141,125,169,436162,440849,450000,0.32,0.28,0.38
"25002",25,42,34,15,46834,47192,48000,0.9,0.72,0.32
"25003",25,56,70,27,30697,30400,30000,1.8,2.3,0.89
"25004",25,11,17,19,29644,29847,30000,0.37,0.57,0.63
"25005",25,13,16,6,17074,16905,17000,0.76,0.95,0.36
"25006",25,649,549,479,902386,913231,920000,0.72,0.6,0.52
"25007",25,44,46,35,34103,34240,34000,1.3,1.3,1
"25008",25,9,16,9,43820,43305,43000,0.21,0.37,0.21
"25009",25,14,8,10,56726,57332,58000,0.25,0.14,0.17
"25010",25,70,128,78,101446,102166,1e+05,0.69,1.3,0.76
"25011",25,87,66,71,298312,300866,3e+05,0.29,0.22,0.23
"25012",25,307,104,91,460935,466636,470000,0.67,0.22,0.19
"25013",25,85,40,41,47440,47631,48000,1.8,0.84,0.86
"25014",25,25,28,24,51186,51481,52000,0.49,0.54,0.46
"25015",25,96,47,20,82194,82741,83000,1.2,0.57,0.24
"25016",25,24,20,14,23080,22962,23000,1,0.87,0.61
"25017",25,57,67,45,91491,91914,92000,0.62,0.73,0.49
"25018",25,177,83,55,139663,139895,140000,1.3,0.59,0.39
"26001",26,0,0,0,2732,0,0,0,0,0
"26002",26,22,18,11,83018,84382,85000,0.27,0.21,0.13
"26003",26,0,0,0,26690,0,0,0,0,0
"26004",26,0,0,0,9384,0,0,0,0,0
"26005",26,0,0,0,1270,0,0,0,0,0
"26006",26,0,0,0,3118,0,0,0,0,0
"26007",26,0,0,0,617,0,0,0,0,0
"26008",26,0,0,0,1269,0,0,0,0,0
"26009",26,0,0,0,802,0,0,0,0,0
"26010",26,0,0,0,1530,0,0,0,0,0
"26011",26,0,0,0,1728,0,0,0,0,0
"26012",26,0,0,0,23780,0,0,0,0,0
"26013",26,0,0,0,1715,0,0,0,0,0
"26014",26,0,0,0,3652,0,0,0,0,0
"26015",26,0,0,0,1514,0,0,0,0,0
"26016",26,0,0,0,5380,0,0,0,0,0
"26017",26,28,25,21,85858,87492,88000,0.33,0.29,0.24
"26018",26,81,99,97,427482,433306,440000,0.19,0.23,0.22
"26019",26,0,0,0,33854,0,0,0,0,0
"26020",26,0,0,0,5630,0,0,0,0,0
"26021",26,0,0,0,1678,0,0,0,0,0
"26022",26,0,0,0,1015,0,0,0,0,0
"26023",26,0,0,0,6629,0,0,0,0,0
"26024",26,0,0,0,868,0,0,0,0,0
"26025",26,4,0,0,56186,56782,0,0.071,0,0
"26026",26,2,0,0,63167,63916,0,0.032,0,0
"26027",26,0,0,0,9100,0,0,0,0,0
"26028",26,0,0,0,1216,0,0,0,0,0
"26029",26,7,18,15,156449,158820,160000,0.045,0.11,0.094
"26030",26,68,84,62,823852,837392,850000,0.083,0.1,0.073
"26031",26,0,0,0,1402,0,0,0,0,0
"26032",26,0,0,0,997,0,0,0,0,0
"26033",26,13,9,6,82162,82960,83000,0.16,0.11,0.072
"26034",26,0,0,0,1200,0,0,0,0,0
"26035",26,0,0,0,13002,0,0,0,0,0
"26036",26,0,0,0,31384,0,0,0,0,0
"26038",26,0,0,0,4869,0,0,0,0,0
"26039",26,0,0,0,6626,0,0,0,0,0
"26040",26,0,0,0,2158,0,0,0,0,0
"26041",26,0,0,0,13242,0,0,0,0,0
"26042",26,18,20,6,164462,166602,170000,0.11,0.12,0.036
"26043",26,81,63,24,231456,235352,240000,0.35,0.27,0.1
"26044",26,0,0,0,408,0,0,0,0,0
"26045",26,0,0,0,2987,0,0,0,0,0
"26046",26,0,0,0,463,0,0,0,0,0
"26047",26,0,0,0,9777,0,0,0,0,0
"26048",26,15,20,1,61698,63436,64000,0.24,0.32,0.016
"26049",26,0,0,0,3471,0,0,0,0,0
"26050",26,0,0,0,1636,0,0,0,0,0
"26051",26,0,0,0,5348,0,0,0,0,0
"26052",26,0,0,0,6192,0,0,0,0,0
"26053",26,0,0,0,428,0,0,0,0,0
"26054",26,0,0,0,575,0,0,0,0,0
"26055",26,7,9,17,187263,190326,190000,0.037,0.047,0.089
"26056",26,0,0,0,9168,0,0,0,0,0
"26057",26,0,0,0,1683,0,0,0,0,0
"26058",26,0,0,0,16698,0,0,0,0,0
"26059",26,0,0,0,2084,0,0,0,0,0
"26060",26,0,0,0,2784,0,0,0,0,0
"26061",26,0,0,0,1325,0,0,0,0,0
"26062",26,0,0,0,1144,0,0,0,0,0
"26063",26,0,0,0,1436,0,0,0,0,0
"26064",26,0,0,0,1774,0,0,0,0,0
"26065",26,0,0,0,1762,0,0,0,0,0
"26066",26,0,0,0,9552,0,0,0,0,0
"26067",26,0,0,0,1814,0,0,0,0,0
"26068",26,0,0,0,1258,0,0,0,0,0
"26069",26,0,0,0,6154,0,0,0,0,0
"26070",26,0,0,0,16723,0,0,0,0,0
"26071",26,0,0,0,22839,0,0,0,0,0
"26072",26,0,0,0,14633,0,0,0,0,0
"27001",27,1,4,7,57424,57679,58000,0.017,0.069,0.12
"27002",27,18,10,7,254592,257331,260000,0.071,0.039,0.027
"27003",27,2,2,3,103840,104597,110000,0.019,0.019,0.028
"27004",27,61,48,39,661290,670640,680000,0.092,0.072,0.057
"27005",27,7,9,18,196952,198788,2e+05,0.036,0.045,0.09
"27006",27,22,9,9,129442,130784,130000,0.17,0.069,0.068
"27007",27,1,2,2,30178,30464,31000,0.033,0.066,0.065
"27008",27,18,9,17,182338,183676,190000,0.099,0.049,0.092
"27009",27,1,3,3,37078,37348,38000,0.027,0.08,0.08
"27010",27,2,0,0,85590,86588,87000,0.023,0,0
"27011",27,1,0,0,29782,29873,30000,0.034,0,0
"27012",27,8,5,0,155467,156498,160000,0.051,0.032,0
"27013",27,0,4,4,122490,126074,130000,0,0.032,0.031
"27014",27,2,4,4,88444,89234,90000,0.023,0.045,0.044
"27015",27,4,3,2,47051,47367,48000,0.085,0.063,0.042
"27016",27,10,5,3,54538,54971,55000,0.18,0.091,0.054
"27017",27,4,7,6,59608,59868,60000,0.067,0.12,0.1
"28001",28,0,2,6,12359,12406,12000,0,0.16,0.48
"28002",28,5,3,1,30516,30814,31000,0.16,0.097,0.032
"28003",28,36,39,15,228911,236070,240000,0.16,0.17,0.062
"28004",28,0,0,0,9292,0,0,0,0,0
"28005",28,0,0,0,4658,0,0,0,0,0
"28006",28,0,0,0,7815,0,0,0,0,0
"28007",28,1,3,1,14826,14682,14000,0.067,0.2,0.069
"28008",28,0,0,0,4540,0,0,0,0,0
"28009",28,36,20,6,203498,205110,210000,0.18,0.098,0.029
"28010",28,0,0,0,2007,0,0,0,0,0
"28011",28,0,0,0,9020,0,0,0,0,0
"28012",28,12,30,9,44844,45222,46000,0.27,0.66,0.2
"28013",28,6,1,6,16252,16420,17000,0.37,0.061,0.36
"28014",28,0,0,0,4739,0,0,0,0,0
"28015",28,1,1,1,16282,16408,17000,0.061,0.061,0.061
"28016",28,20,27,8,24366,24453,25000,0.82,1.1,0.33
"28017",28,2,2,5,15606,15744,16000,0.13,0.13,0.32
"28018",28,2,2,8,8525,8556,8600,0.23,0.23,0.93
"28019",28,3,10,5,17628,17640,18000,0.17,0.57,0.28
"28020",28,0,0,0,2651,0,0,0,0,0
"28021",28,16,20,9,119280,120136,120000,0.13,0.17,0.074
"28022",28,83,91,47,505818,510994,520000,0.16,0.18,0.091
"28023",28,0,0,0,4578,0,0,0,0,0
"28024",28,6,19,7,4643,4559,4400,1.3,4.2,1.6
"28025",28,14,19,7,28363,28854,29000,0.49,0.66,0.24
"28026",28,0,0,0,3587,0,0,0,0,0
"28027",28,123,288,76,398081,402656,410000,0.31,0.72,0.19
"28028",28,0,0,0,3514,0,0,0,0,0
"28029",28,1,2,2,13324,13389,13000,0.075,0.15,0.15
"28030",28,3,11,7,14581,14778,15000,0.21,0.74,0.47
"28031",28,0,0,0,1858,0,0,0,0,0
"28032",28,88,84,49,640907,653213,660000,0.14,0.13,0.074
"28033",28,18,20,3,123048,124628,130000,0.15,0.16,0.024
"28034",28,0,2,0,9510,9522,9500,0,0.21,0
"28035",28,30,67,31,58238,58354,59000,0.52,1.1,0.53
"28036",28,0,0,0,1048,0,0,0,0,0
"28037",28,4,11,0,25726,26016,26000,0.16,0.42,0
"28038",28,49,56,18,304234,305310,310000,0.16,0.18,0.059
"28039",28,0,1,2,28472,28702,29000,0,0.035,0.069
"28040",28,54,52,10,64644,64932,65000,0.84,0.8,0.15
"28041",28,92,143,116,336292,341232,350000,0.27,0.42,0.34
"28042",28,0,0,0,6420,0,0,0,0,0
"28043",28,2,4,0,23596,23769,24000,0.085,0.17,0
"29001",29,1,1,0,10546,10844,11000,0.095,0.092,0
"29002",29,1,0,1,13894,14106,14000,0.072,0,0.07
"29003",29,0,1,1,6234,6318,6400,0,0.16,0.16
"29004",29,2,0,0,16539,16772,17000,0.12,0,0
"29005",29,5,5,1,78895,79804,81000,0.063,0.063,0.012
"29006",29,5,6,5,46604,47308,48000,0.11,0.13,0.1
"29007",29,0,2,0,15932,16152,16000,0,0.12,0
"29008",29,0,0,1,14096,14254,14000,0,0,0.069
"29009",29,0,0,0,5324,5431,5500,0,0,0
"29010",29,5,0,5,68104,68849,70000,0.073,0,0.072
"29011",29,0,0,1,4412,4456,4500,0,0,0.22
"29012",29,0,0,1,8616,8688,8800,0,0,0.11
"29013",29,2,3,6,88290,89602,91000,0.023,0.033,0.066
"29014",29,2,0,0,14397,14582,15000,0.14,0,0
"29015",29,5,0,0,36451,36958,37000,0.14,0,0
"29016",29,0,1,0,7012,7096,7200,0,0.14,0
"29017",29,1,1,0,10216,10408,11000,0.098,0.096,0
"29018",29,0,1,1,36388,36914,37000,0,0.027,0.027
"29019",29,0,0,0,19640,20031,20000,0,0,0
"29020",29,1,1,0,8856,9011,9200,0.11,0.11,0
"29021",29,0,1,2,17166,17350,18000,0,0.058,0.11
"29022",29,0,0,2,5956,6055,6200,0,0,0.33
"29023",29,0,2,2,24490,24836,25000,0,0.081,0.079
"29024",29,2,1,0,26202,26633,27000,0.076,0.038,0
"29025",29,3,1,6,72098,73094,74000,0.042,0.014,0.081
"29026",29,0,1,0,18929,19334,20000,0,0.052,0
"29027",29,1,0,3,12201,12370,13000,0.082,0,0.24
"29028",29,1,0,1,22594,22981,23000,0.044,0,0.043
"29029",29,0,1,0,11693,11980,12000,0,0.083,0
"29030",29,0,1,0,14243,14420,15000,0,0.069,0
"29031",29,2,0,1,30257,30890,31000,0.066,0,0.032
"29032",29,0,0,1,12871,13054,13000,0,0,0.076
"29033",29,18,5,7,93106,94477,96000,0.19,0.053,0.073
"29034",29,4,5,2,41508,42117,43000,0.096,0.12,0.047
"29035",29,1,0,1,5824,5921,6000,0.17,0,0.17
"29036",29,0,1,1,21308,21568,22000,0,0.046,0.046
"29037",29,1,0,0,8340,8362,8400,0.12,0,0
"29038",29,1,2,2,15356,15674,16000,0.065,0.13,0.13
"29039",29,1,1,1,22610,22940,23000,0.044,0.044,0.043
"29040",29,0,0,0,10234,10420,11000,0,0,0
"29041",29,2,1,3,28046,28459,29000,0.071,0.035,0.1
"29042",29,0,1,0,12826,13072,13000,0,0.076,0
"29043",29,1,3,2,34984,35820,37000,0.029,0.084,0.055
"29044",29,1,2,3,40166,40786,41000,0.025,0.049,0.072
"29045",29,0,0,0,5931,6018,6100,0,0,0
"29046",29,0,0,0,4287,4342,4400,0,0,0
"29047",29,0,0,0,2878,2916,3000,0,0,0
"29048",29,0,3,4,17537,17812,18000,0,0.17,0.22
"29049",29,0,0,0,5290,5382,5500,0,0,0
"29050",29,1,2,0,10065,10118,10000,0.099,0.2,0
"29051",29,0,0,0,3782,3868,3900,0,0,0
"29052",29,0,1,0,5867,5948,6000,0,0.17,0
"29053",29,0,0,1,7022,7100,7200,0,0,0.14
"29054",29,0,0,0,5202,5262,5300,0,0,0
"29055",29,1,0,0,2942,2984,3000,0.34,0,0
"29056",29,0,1,0,7178,7309,7400,0,0.14,0
"29057",29,0,0,0,4552,4639,4700,0,0,0
"29058",29,0,0,2,8288,8412,8500,0,0,0.23
"29059",29,0,0,0,6606,6738,6900,0,0,0
"29060",29,0,1,0,4585,4642,4700,0,0.22,0
"30003",30,8,1,3,85602,86204,87000,0.093,0.012,0.035
"30004",30,2,1,3,41974,42310,43000,0.048,0.024,0.071
"3001",3,0,3,2,74040,75446,77000,0,0.04,0.026
"30010",30,2,11,6,61296,61558,62000,0.033,0.18,0.097
"30011",30,9,3,6,53170,53590,54000,0.17,0.056,0.11
"30014",30,2,7,0,43517,43978,44000,0.046,0.16,0
"3002",3,0,5,9,62004,63286,65000,0,0.079,0.14
"30023",30,7,7,5,49692,50160,50000,0.14,0.14,0.099
"30028",30,22,14,18,139026,138836,140000,0.16,0.1,0.13
"3003",3,0,13,22,265906,272481,280000,0,0.048,0.079
"30030",30,1,4,0,42700,43023,43000,0.023,0.093,0
"30032",30,3,2,0,49378,49650,50000,0.061,0.04,0
"30038",30,3,8,6,88870,89704,90000,0.034,0.089,0.066
"30039",30,18,14,21,314719,318452,320000,0.057,0.044,0.065
"30040",30,0,2,1,49960,50604,51000,0,0.04,0.02
"30044",30,8,16,5,200726,202198,2e+05,0.04,0.079,0.025
"30045",30,13,19,7,58422,58757,59000,0.22,0.32,0.12
"30047",30,1,2,1,53712,54179,55000,0.019,0.037,0.018
"30048",30,8,2,5,122090,123902,130000,0.066,0.016,0.04
"30058",30,3,0,1,55327,55204,55000,0.054,0,0.018
"30061",30,12,4,6,79557,80338,81000,0.15,0.05,0.074
"30065",30,2,7,1,65108,66596,68000,0.031,0.11,0.015
"30068",30,3,3,1,61686,62490,63000,0.049,0.048,0.016
"30071",30,4,10,3,56304,56981,57000,0.071,0.18,0.052
"30073",30,1,3,2,42699,43073,43000,0.023,0.07,0.046
"30077",30,7,14,12,43438,43912,44000,0.16,0.32,0.27
"3008",3,0,10,20,263678,276361,290000,0,0.036,0.069
"30083",30,1,3,1,50221,50264,50000,0.02,0.06,0.02
"30085",30,2,1,0,67012,67632,68000,0.03,0.015,0
"30086",30,3,11,4,41499,41762,42000,0.072,0.26,0.095
"30087",30,22,50,18,473302,479624,480000,0.046,0.1,0.037
"3009",3,0,3,1,18417,19228,19000,0,0.16,0.051
"30102",30,18,18,11,103004,103526,1e+05,0.17,0.17,0.11
"30105",30,9,4,2,65326,68335,70000,0.14,0.059,0.028
"30108",30,10,7,7,160759,161658,160000,0.062,0.043,0.043
"30109",30,2,8,7,64074,64399,65000,0.031,0.12,0.11
"30118",30,10,5,3,122880,123404,120000,0.081,0.041,0.024
"30123",30,30,22,10,99392,100064,1e+05,0.3,0.22,0.099
"30124",30,18,30,12,161041,161746,160000,0.11,0.19,0.074
"30128",30,3,7,7,70999,71784,72000,0.042,0.098,0.097
"30130",30,6,11,1,41876,42202,42000,0.14,0.26,0.024
"30131",30,21,23,14,197779,199364,2e+05,0.11,0.12,0.07
"30133",30,0,3,6,56304,56594,57000,0,0.053,0.11
"30138",30,7,3,3,41122,41228,41000,0.17,0.073,0.073
"30141",30,7,6,4,160817,162052,160000,0.044,0.037,0.025
"30143",30,2,2,1,57246,57490,58000,0.035,0.035,0.017
"30155",30,18,3,2,102732,102866,1e+05,0.18,0.029,0.019
"30160",30,8,15,12,106034,106416,110000,0.075,0.14,0.11
"30173",30,5,7,0,53893,54356,55000,0.093,0.13,0
"30174",30,14,20,15,96879,97925,99000,0.14,0.2,0.15
"30175",30,11,8,3,92434,93445,94000,0.12,0.086,0.032
"30183",30,1,6,7,59281,59712,60000,0.017,0.1,0.12
"30189",30,11,9,12,146732,147878,150000,0.075,0.061,0.081
"30193",30,102,85,63,566939,572582,580000,0.18,0.15,0.11
"30201",30,3,4,1,42740,43034,43000,0.07,0.093,0.023
"30204",30,2,2,1,46819,47084,47000,0.043,0.042,0.021
"30207",30,10,14,4,45904,46170,46000,0.22,0.3,0.086
"31038",31,1,0,0,31904,32390,33000,0.031,0,0
"31040",31,2,2,0,26804,27106,27000,0.075,0.074,0
"31041",31,0,0,4,87426,91650,95000,0,0,0.042
"31048",31,0,6,0,22286,22504,23000,0,0.27,0
"31050",31,33,17,0,858340,869811,880000,0.038,0.02,0
"31052",31,2,1,1,35102,35549,36000,0.057,0.028,0.028
"31059",31,1,0,1,55918,56722,57000,0.018,0,0.017
"31079",31,1,4,3,41966,42521,43000,0.024,0.094,0.07
"31089",31,2,3,1,38882,39355,40000,0.051,0.076,0.025
"31096",31,3,3,1,75052,75745,76000,0.04,0.04,0.013
"31101",31,1,1,1,51593,51690,52000,0.019,0.019,0.019
"31102",31,0,1,4,76656,77646,79000,0,0.013,0.051
"32005",32,2,3,1,41008,41418,42000,0.049,0.072,0.024
"32007",32,2,3,2,13063,13139,13000,0.15,0.23,0.15
"32010",32,6,28,50,218434,220290,220000,0.027,0.13,0.23
"32019",32,8,6,2,23824,23864,24000,0.34,0.25,0.084
"32020",32,7,11,6,59185,59718,60000,0.12,0.18,0.1
"32023",32,3,0,4,12521,12582,13000,0.24,0,0.32
"32024",32,1,3,0,49798,50342,51000,0.02,0.06,0
"32025",32,0,0,0,12587,0,0,0,0,0
"32029",32,1,8,5,22752,22896,23000,0.044,0.35,0.22
"32034",32,2,1,5,28522,28696,29000,0.07,0.035,0.17
"32036",32,7,14,4,41642,41954,42000,0.17,0.33,0.095
"32038",32,6,9,4,71121,71490,72000,0.084,0.13,0.056
"32039",32,3,4,9,64360,64942,66000,0.047,0.062,0.14
"32042",32,15,30,12,62292,62586,63000,0.24,0.48,0.19
"32047",32,5,1,0,5572,5585,5600,0.9,0.18,0
"32048",32,5,4,3,26590,27038,27000,0.19,0.15,0.11
"32049",32,1,5,9,33664,33619,34000,0.03,0.15,0.27
"32055",32,4,1,3,29743,29774,30000,0.13,0.034,0.1
"32056",32,27,59,38,141214,142222,140000,0.19,0.41,0.27
"4001",4,2,1,1,54980,55736,57000,0.036,0.018,0.018
"4002",4,10,11,11,271000,275550,280000,0.037,0.04,0.039
"4003",4,26,21,25,232037,236340,240000,0.11,0.089,0.1
"4004",4,8,9,6,86616,87946,89000,0.092,0.1,0.067
"4005",4,1,1,1,29335,29675,30000,0.034,0.034,0.033
"4006",4,0,3,0,39228,39744,40000,0,0.075,0
"4007",4,0,0,0,8532,8572,8600,0,0,0
"4008",4,0,1,1,10132,10268,10000,0,0.097,0.096
"4009",4,5,8,10,56430,57267,58000,0.089,0.14,0.17
"4010",4,3,2,2,28076,28546,29000,0.11,0.07,0.069
"4011",4,4,11,10,43009,43691,44000,0.093,0.25,0.23
"5001",5,0,0,2,1101,0,1100,0,0,1.8
"5002",5,8,17,13,140348,141886,140000,0.057,0.12,0.091
"5003",5,2,7,8,23508,23848,24000,0.085,0.29,0.33
"5004",5,2,1,7,23413,23765,24000,0.085,0.042,0.29
"5005",5,0,0,0,1842,0,1900,0,0,0
"5006",5,3,10,4,26650,26934,27000,0.11,0.37,0.15
"5007",5,1,3,0,13314,13412,14000,0.075,0.22,0
"5008",5,0,0,1,2959,0,3000,0,0,0.33
"5009",5,9,11,15,57179,57768,58000,0.16,0.19,0.26
"5010",5,9,2,13,77164,77910,79000,0.12,0.026,0.17
"5011",5,3,0,1,11857,11898,12000,0.25,0,0.084
"5012",5,0,0,3,2144,0,2200,0,0,1.4
"5013",5,0,0,0,1930,0,2000,0,0,0
"5014",5,0,0,3,10067,0,10000,0,0,0.3
"5015",5,0,0,0,1666,0,1700,0,0,0
"5016",5,0,0,1,1876,0,1900,0,0,0.53
"5017",5,18,34,55,109754,110774,110000,0.16,0.31,0.49
"5018",5,20,25,45,222427,224844,230000,0.09,0.11,0.2
"5019",5,0,4,0,8487,8540,8700,0,0.47,0
"5020",5,4,6,8,68420,68988,70000,0.058,0.087,0.11
"5021",5,0,0,0,6504,0,6600,0,0,0
"5022",5,0,0,4,28558,0,29000,0,0,0.14
"5023",5,0,1,0,11258,11352,11000,0,0.088,0
"5024",5,1,4,3,46090,46287,47000,0.022,0.086,0.064
"5025",5,12,33,32,156176,157490,160000,0.077,0.21,0.2
"5026",5,0,0,3,3528,0,3600,0,0,0.84
"5027",5,9,7,18,80714,83164,85000,0.11,0.084,0.21
"5028",5,6,10,14,63348,64388,65000,0.095,0.16,0.21
"5029",5,0,0,0,2388,0,2500,0,0,0
"5030",5,87,101,76,750918,761894,770000,0.12,0.13,0.098
"5031",5,2,5,2,23006,23356,24000,0.087,0.21,0.084
"5032",5,4,2,3,42455,42704,43000,0.094,0.047,0.07
"5033",5,8,20,62,105544,106637,110000,0.076,0.19,0.58
"5034",5,0,1,1,6686,6860,7000,0,0.15,0.14
"5035",5,455,462,238,661627,670738,680000,0.69,0.69,0.35
"5036",5,0,0,7,21852,0,22000,0,0,0.31
"5037",5,0,0,0,6369,0,6400,0,0,0
"5038",5,0,3,3,12901,12952,13000,0,0.23,0.23
"6001",6,24,34,23,29877,30402,31000,0.8,1.1,0.74
"6002",6,49,58,39,152416,154910,160000,0.32,0.37,0.25
"6003",6,5,4,0,21434,21659,22000,0.23,0.18,0
"6004",6,2,7,4,20083,20408,21000,0.1,0.34,0.19
"6005",6,1,2,6,27728,27980,28000,0.036,0.071,0.21
"6006",6,3,4,2,5496,5576,5700,0.55,0.72,0.35
"6007",6,22,44,54,169162,172806,180000,0.13,0.25,0.31
"6008",6,0,2,1,8428,8536,8600,0,0.23,0.12
"6009",6,37,92,45,117536,119669,120000,0.31,0.77,0.37
"6010",6,22,40,4,126670,129899,130000,0.17,0.31,0.03
"7001",7,1,1,2,17425,17813,18000,0.057,0.056,0.11
"7002",7,0,1,2,0,30424,31000,0,0.033,0.064
"7003",7,8,2,3,28881,29384,30000,0.28,0.068,0.1
"7004",7,2,2,0,30995,31911,0,0.065,0.063,0
"7005",7,4,2,3,22002,22165,22000,0.18,0.09,0.13
"7006",7,0,0,2,0,0,32000,0,0,0.062
"7007",7,3,1,0,8906,8914,0,0.34,0.11,0
"7008",7,0,2,2,0,26785,27000,0,0.075,0.075
"7009",7,10,7,10,41212,41456,42000,0.24,0.17,0.24
"7011",7,0,2,3,0,20137,20000,0,0.099,0.15
"7012",7,4,1,2,46319,46762,49000,0.086,0.021,0.041
"7013",7,6,8,2,32101,32497,33000,0.19,0.25,0.061
"7014",7,1,1,1,19501,19838,21000,0.051,0.05,0.048
"7015",7,2,3,3,45374,45788,46000,0.044,0.066,0.065
"7016",7,1,7,0,17679,17974,0,0.057,0.39,0
"7017",7,25,10,12,80906,81616,82000,0.31,0.12,0.15
"7018",7,0,1,1,0,8820,9000,0,0.11,0.11
"7019",7,35,8,7,149236,152150,150000,0.23,0.053,0.045
"7020",7,5,2,8,45842,46395,47000,0.11,0.043,0.17
"7021",7,3,0,0,21643,0,0,0.14,0,0
"7022",7,2,2,1,14315,14323,14000,0.14,0.14,0.069
"7023",7,11,4,5,80207,81165,82000,0.14,0.049,0.061
"7024",7,1,0,1,11148,0,11000,0.09,0,0.088
"7025",7,1,2,1,7511,7561,7600,0.13,0.26,0.13
"7026",7,6,2,1,37402,37879,38000,0.16,0.053,0.026
"7027",7,11,14,23,93060,95027,97000,0.12,0.15,0.24
"7029",7,0,0,3,0,0,5100,0,0,0.58
"7030",7,0,3,2,0,33043,34000,0,0.091,0.059
"7031",7,17,14,10,116404,117854,120000,0.15,0.12,0.084
"7032",7,6,6,5,31135,31571,32000,0.19,0.19,0.16
"7033",7,4,1,0,7200,7273,0,0.56,0.14,0
"7034",7,3,4,9,70912,72276,74000,0.042,0.055,0.12
"7035",7,4,2,2,13355,13458,14000,0.3,0.15,0.14
"7037",7,4,1,2,34928,35270,36000,0.11,0.028,0.056
"7038",7,2,2,0,22378,22548,0,0.089,0.089,0
"7039",7,5,5,3,23437,23674,24000,0.21,0.21,0.12
"7040",7,13,6,7,53255,53768,54000,0.24,0.11,0.13
"7041",7,0,0,1,0,0,45000,0,0,0.022
"7042",7,4,3,0,10792,10962,0,0.37,0.27,0
"7043",7,2,0,1,10471,0,11000,0.19,0,0.094
"7044",7,5,0,0,25604,0,0,0.2,0,0
"7046",7,6,3,4,39022,39333,40000,0.15,0.076,0.1
"7047",7,0,4,1,0,20138,20000,0,0.2,0.049
"7048",7,3,3,4,21701,21960,22000,0.14,0.14,0.18
"7049",7,5,1,2,21194,21372,22000,0.24,0.047,0.092
"7050",7,1,0,0,5058,0,0,0.2,0,0
"7051",7,7,3,6,46168,46519,48000,0.15,0.064,0.13
"7052",7,6,7,4,116405,117849,120000,0.052,0.059,0.033
"7054",7,3,2,10,27709,28061,28000,0.11,0.071,0.35
"7055",7,1,2,0,5202,5260,0,0.19,0.38,0
"7056",7,3,1,1,11688,11764,12000,0.26,0.085,0.083
"7057",7,2,3,3,72445,73814,75000,0.028,0.041,0.04
"7059",7,15,17,11,207975,211086,210000,0.072,0.081,0.051
"7060",7,1,0,1,12218,0,12000,0.082,0,0.081
"7061",7,11,13,18,86014,87098,89000,0.13,0.15,0.2
"7062",7,3,2,2,17550,17639,18000,0.17,0.11,0.11
"7063",7,0,1,1,0,3968,4000,0,0.25,0.25
"7064",7,2,6,2,44103,44147,44000,0.045,0.14,0.045
"7065",7,29,20,18,116416,118237,120000,0.25,0.17,0.15
"7066",7,9,4,11,21064,21156,21000,0.43,0.19,0.52
"7067",7,1,0,1,11198,0,12000,0.089,0,0.087
"7068",7,7,2,6,30658,30739,31000,0.23,0.065,0.19
"7069",7,8,6,6,51994,52460,53000,0.15,0.11,0.11
"7070",7,1,1,0,13462,13461,0,0.074,0.074,0
"7071",7,5,4,3,28768,28932,29000,0.17,0.14,0.1
"7072",7,11,13,7,32192,32556,33000,0.34,0.4,0.21
"7073",7,0,0,1,0,0,9600,0,0,0.1
"7074",7,10,8,3,43004,43700,45000,0.23,0.18,0.067
"7075",7,2,3,0,26122,26267,0,0.077,0.11,0
"7076",7,2,6,2,26017,26224,26000,0.077,0.23,0.076
"7077",7,3,5,1,58927,59627,60000,0.051,0.084,0.017
"7078",7,19,16,12,195354,198612,2e+05,0.097,0.081,0.059
"7079",7,5,7,6,34510,34998,35000,0.14,0.2,0.17
"7080",7,3,4,1,39212,39400,40000,0.077,0.1,0.025
"7081",7,5,6,3,42640,43558,44000,0.12,0.14,0.067
"7082",7,2,4,3,12856,13017,13000,0.16,0.31,0.23
"7083",7,0,1,3,0,18050,18000,0,0.055,0.16
"7084",7,1,2,2,8263,8280,8300,0.12,0.24,0.24
"7085",7,0,0,2,0,0,10000,0,0,0.19
"7086",7,1,2,1,22130,22289,23000,0.045,0.09,0.044
"7087",7,21,13,5,36280,36575,37000,0.58,0.36,0.14
"7088",7,2,1,0,2318,2326,0,0.86,0.43,0
"7089",7,61,56,66,337446,343209,350000,0.18,0.16,0.19
"7090",7,0,3,2,0,4251,4300,0,0.71,0.47
"7091",7,1,3,2,12864,13077,14000,0.078,0.23,0.15
"7092",7,4,17,4,42615,43132,44000,0.094,0.39,0.092
"7093",7,7,6,1,41224,41427,42000,0.17,0.14,0.024
"7094",7,6,4,0,39283,40015,0,0.15,0.1,0
"7096",7,4,19,6,74114,75413,76000,0.054,0.25,0.079
"7097",7,4,7,9,87576,88720,90000,0.046,0.079,0.1
"7099",7,0,1,3,0,77990,81000,0,0.013,0.037
"7100",7,1,6,0,32717,33153,0,0.031,0.18,0
"7101",7,46,60,63,582000,591495,6e+05,0.079,0.1,0.1
"7102",7,9,3,7,39404,39895,40000,0.23,0.075,0.17
"7103",7,3,1,1,29303,29873,31000,0.1,0.033,0.033
"7104",7,1,2,0,14629,14746,0,0.068,0.14,0
"7105",7,0,2,1,0,14630,15000,0,0.14,0.068
"7106",7,0,2,12,0,64214,65000,0,0.031,0.18
"7107",7,8,11,8,77820,78824,80000,0.1,0.14,0.1
"7108",7,7,13,13,102324,103054,1e+05,0.068,0.13,0.12
"7109",7,6,8,3,35254,35649,36000,0.17,0.22,0.083
"7110",7,0,0,1,0,0,7200,0,0,0.14
"7111",7,0,3,1,0,38702,40000,0,0.078,0.025
"7112",7,1,1,1,29882,30246,31000,0.033,0.033,0.032
"7114",7,17,13,25,18088,18319,19000,0.94,0.71,1.3
"7115",7,2,2,0,11724,11779,0,0.17,0.17,0
"7116",7,2,2,4,10229,10393,11000,0.2,0.19,0.38
"7118",7,1,0,0,4919,0,0,0.2,0,0
"8001",8,3,2,3,11828,11822,12000,0.25,0.17,0.25
"8002",8,16,17,13,23740,24132,24000,0.67,0.7,0.53
"8003",8,6,6,5,8786,8840,8900,0.68,0.68,0.56
"8004",8,11,7,1,12013,12618,13000,0.92,0.55,0.074
"8005",8,28,20,9,25120,25329,26000,1.1,0.79,0.35
"8006",8,1,1,0,6291,6343,0,0.16,0.16,0
"8007",8,23,20,19,18541,18755,19000,1.2,1.1,1
"8008",8,19,27,21,15019,15153,15000,1.3,1.8,1.4
"8009",8,24,35,24,29668,29740,30000,0.81,1.2,0.8
"8010",8,5,7,3,23518,23830,24000,0.21,0.29,0.13
"8011",8,47,57,43,51023,51454,52000,0.92,1.1,0.83
"8012",8,4,5,3,9144,9230,9300,0.44,0.54,0.32
"8013",8,1,1,5,11252,11780,12000,0.089,0.085,0.42
"8014",8,0,1,1,0,2459,2500,0,0.41,0.4
"8015",8,0,2,0,0,1828,0,0,1.1,0
"8016",8,5,5,2,4219,4323,4400,1.2,1.2,0.46
"8017",8,61,41,32,165416,168616,170000,0.37,0.24,0.19
"8018",8,18,8,4,5752,5834,5900,3.1,1.4,0.68
"8019",8,554,363,251,869356,882346,890000,0.64,0.41,0.28
"8020",8,7,7,12,8935,9090,9200,0.78,0.77,1.3
"8021",8,73,42,44,146134,148191,150000,0.5,0.28,0.29
"8023",8,1,0,0,6484,0,0,0.15,0,0
"8024",8,3,2,2,4121,4154,4200,0.73,0.48,0.48
"8025",8,2,0,1,9061,0,9500,0.22,0,0.11
"8026",8,4,1,12,3364,3374,3400,1.2,0.3,3.5
"8027",8,62,69,47,52193,52814,53000,1.2,1.3,0.88
"8028",8,14,3,5,6481,6203,6000,2.2,0.48,0.83
"8029",8,98,160,110,55530,55880,56000,1.8,2.9,2
"8030",8,14,13,13,9522,9660,9800,1.5,1.3,1.3
"8031",8,15,15,9,41688,42130,42000,0.36,0.36,0.21
"8032",8,94,45,52,112476,113584,110000,0.84,0.4,0.45
"8033",8,0,1,0,0,1107,0,0,0.9,0
"8034",8,1,6,1,7223,7302,7300,0.14,0.82,0.14
"8035",8,6,10,3,12006,12355,13000,0.5,0.81,0.24
"8036",8,40,20,49,43049,43328,44000,0.93,0.46,1.1
"8037",8,1460,647,453,1386239,1395302,1400000,1.1,0.46,0.32
"8038",8,1,4,3,5182,5293,5300,0.19,0.76,0.56
"8039",8,4,2,3,4200,4217,4200,0.95,0.47,0.71
"8040",8,13,15,10,30437,30224,30000,0.43,0.5,0.33
"8041",8,0,3,3,0,1948,1900,0,1.5,1.5
"8043",8,0,3,1,0,3212,3200,0,0.93,0.31
"8044",8,5,14,1,4723,4763,4800,1.1,2.9,0.21
"8045",8,85,124,22,46078,46562,47000,1.8,2.7,0.47
"8046",8,21,19,16,8876,9046,9200,2.4,2.1,1.7
"8047",8,8,9,8,5529,5561,5600,1.4,1.6,1.4
"8048",8,4,5,4,24310,24444,25000,0.16,0.2,0.16
"8050",8,17,11,4,62796,63696,64000,0.27,0.17,0.062
"8051",8,14,10,11,8134,8307,8400,1.7,1.2,1.3
"8052",8,11,12,6,28572,29194,30000,0.38,0.41,0.2
"8053",8,18,2,3,4738,4439,4200,3.8,0.45,0.71
"8054",8,13,3,4,8316,8366,8400,1.6,0.36,0.48
"8055",8,32,22,13,17598,17778,18000,1.8,1.2,0.73
"8056",8,1,0,1,2354,0,2400,0.42,0,0.42
"8057",8,1,1,0,2383,2395,0,0.42,0.42,0
"8058",8,3,3,1,3161,3198,3200,0.95,0.94,0.31
"8059",8,1,4,6,4935,4948,5000,0.2,0.81,1.2
"8060",8,6,1,1,10929,11025,11000,0.55,0.091,0.091
"8061",8,2,1,2,3776,3763,3800,0.53,0.27,0.53
"8062",8,27,8,14,34422,35065,36000,0.78,0.23,0.39
"8063",8,11,5,5,6438,6450,6500,1.7,0.78,0.77
"8064",8,0,2,0,0,1958,0,0,1,0
"8065",8,42,33,32,21184,21334,21000,2,1.5,1.5
"8066",8,19,10,10,8542,8635,8700,2.2,1.2,1.2
"8067",8,6,5,7,5476,5579,5700,1.1,0.9,1.2
"9002",9,18,41,22,417034,414231,410000,0.043,0.099,0.053
"9003",9,28,19,28,624598,621969,620000,0.045,0.031,0.045
"9004",9,12,14,12,190081,190840,190000,0.063,0.073,0.063
"9005",9,118,132,135,1194168,1188169,1200000,0.099,0.11,0.11
"9006",9,27,34,18,386378,383611,380000,0.07,0.089,0.047
"9007",9,174,182,149,1830454,1821335,1800000,0.095,0.1,0.082
"9008",9,14,9,10,242210,242332,240000,0.058,0.037,0.041
"9009",9,9,6,9,134234,135225,140000,0.067,0.044,0.066
"9010",9,61,50,56,734825,734763,730000,0.083,0.068,0.076
"9011",9,27,30,38,365060,365302,370000,0.074,0.082,0.1
"9012",9,47,49,44,663032,665408,670000,0.071,0.074,0.066
"9013",9,29,25,28,419305,418799,420000,0.069,0.06,0.067
"9014",9,30,20,18,394675,396736,4e+05,0.076,0.05,0.045
"9015",9,70,69,71,537235,537010,540000,0.13,0.13,0.13
"9016",9,44,30,38,379368,380310,380000,0.12,0.079,0.1
"9017",9,70,68,70,433003,429313,430000,0.16,0.16,0.16
